# Host: localhost  (Version: 5.5.53)
# Date: 2019-07-24 16:38:27
# Generator: MySQL-Front 5.3  (Build 4.234)

/*!40101 SET NAMES utf8 */;

#
# Structure for table "ddsc_addr"
#

DROP TABLE IF EXISTS `ddsc_addr`;
CREATE TABLE `ddsc_addr` (
  `aid` int(11) NOT NULL AUTO_INCREMENT,
  `u_id` varchar(255) DEFAULT NULL COMMENT '用户id',
  `addr` varchar(255) DEFAULT NULL COMMENT '地址',
  `addrs` varchar(255) DEFAULT NULL COMMENT '详细地址',
  `username` varchar(255) DEFAULT NULL COMMENT '姓名',
  `phone` char(11) DEFAULT NULL COMMENT '手机号码',
  `default` tinyint(3) NOT NULL DEFAULT '0' COMMENT '默认收货地址 0否 1是',
  PRIMARY KEY (`aid`)
) ENGINE=MyISAM AUTO_INCREMENT=9 DEFAULT CHARSET=utf8 ROW_FORMAT=DYNAMIC COMMENT='收货地址';

#
# Data for table "ddsc_addr"
#

/*!40000 ALTER TABLE `ddsc_addr` DISABLE KEYS */;
INSERT INTO `ddsc_addr` VALUES (1,'6','河南省郑州市金水区','恒华大厦806','王鹏飞159','15939590207',0),(3,'42','河南省 郑州市 金水区','恒华大厦','董先生','13525601211',1),(4,'40','北京市 北京市 东城区','123','齐秦','18538300834',1),(5,'43','北京市 北京市 东城区','好好干','李','15737112258',0),(6,'44','北京市 北京市 东城区','狠话far','王鹏飞','15939590207',0),(7,'46','河南省 郑州市 中原区','花园路','豆子','18539905934',0),(8,'48','北京市 北京市 东城区','天','小','15838999527',0);
/*!40000 ALTER TABLE `ddsc_addr` ENABLE KEYS */;

#
# Structure for table "ddsc_admin"
#

DROP TABLE IF EXISTS `ddsc_admin`;
CREATE TABLE `ddsc_admin` (
  `id` int(11) NOT NULL AUTO_INCREMENT,
  `username` varchar(255) DEFAULT NULL,
  `pwd` varchar(255) DEFAULT NULL,
  `pretime` datetime DEFAULT NULL,
  `curtime` datetime DEFAULT NULL,
  `ip` varchar(255) DEFAULT NULL COMMENT '登录IP',
  `level` int(11) NOT NULL DEFAULT '0' COMMENT '管理员类型 0超级管理员 1普通管理员',
  `control` text COMMENT '控制器权限',
  `way` text COMMENT '方法',
  PRIMARY KEY (`id`)
) ENGINE=MyISAM AUTO_INCREMENT=5 DEFAULT CHARSET=utf8 ROW_FORMAT=DYNAMIC;

#
# Data for table "ddsc_admin"
#

/*!40000 ALTER TABLE `ddsc_admin` DISABLE KEYS */;
INSERT INTO `ddsc_admin` VALUES (1,'admin','8a30ec6807f71bc69d096d8e4d501ade','2019-03-27 14:38:20','2019-03-28 09:41:52','0.0.0.0',0,NULL,NULL);
/*!40000 ALTER TABLE `ddsc_admin` ENABLE KEYS */;

#
# Structure for table "ddsc_advise"
#

DROP TABLE IF EXISTS `ddsc_advise`;
CREATE TABLE `ddsc_advise` (
  `id` int(11) NOT NULL AUTO_INCREMENT,
  `u_id` int(11) NOT NULL DEFAULT '0' COMMENT '会员id',
  `content` text COMMENT '留言内容',
  PRIMARY KEY (`id`)
) ENGINE=MyISAM AUTO_INCREMENT=2 DEFAULT CHARSET=utf8;

#
# Data for table "ddsc_advise"
#

/*!40000 ALTER TABLE `ddsc_advise` DISABLE KEYS */;
INSERT INTO `ddsc_advise` VALUES (1,6,'意见与反馈');
/*!40000 ALTER TABLE `ddsc_advise` ENABLE KEYS */;

#
# Structure for table "ddsc_assess"
#

DROP TABLE IF EXISTS `ddsc_assess`;
CREATE TABLE `ddsc_assess` (
  `id` int(11) NOT NULL AUTO_INCREMENT,
  `g_id` int(11) DEFAULT NULL COMMENT '商品id',
  `u_id` int(11) DEFAULT NULL COMMENT '用户ID',
  `number` tinyint(3) NOT NULL DEFAULT '0' COMMENT '几颗星',
  `content` text COMMENT '内容',
  `addtime` varchar(255) DEFAULT NULL COMMENT '评论时间',
  `status` tinyint(3) NOT NULL DEFAULT '0' COMMENT '是否审核 0否 1是',
  PRIMARY KEY (`id`)
) ENGINE=MyISAM AUTO_INCREMENT=14 DEFAULT CHARSET=utf8 ROW_FORMAT=DYNAMIC COMMENT='商品评价';

#
# Data for table "ddsc_assess"
#

/*!40000 ALTER TABLE `ddsc_assess` DISABLE KEYS */;
INSERT INTO `ddsc_assess` VALUES (2,18,6,4,'123','1545463701',1),(3,18,6,4,'123','1545463701',1),(4,18,6,4,'123','1545463701',1),(5,18,6,4,'123','1545463701',1),(6,18,6,4,'123','1545463701',1),(7,18,6,4,'123','1545463701',1),(8,18,40,3,'12请问23123','1552877398',0),(9,18,40,1,'999','1552877683',0),(10,18,40,1,'66666666666','1552877911',0),(11,17,40,1,'阿瑟的777','1552878082',1),(12,20,42,5,'咦   这个不赖   挺没了回到家乡就行积极参加机械基础姐姐大姐姐吃鸡','1552880317',1);
/*!40000 ALTER TABLE `ddsc_assess` ENABLE KEYS */;

#
# Structure for table "ddsc_car"
#

DROP TABLE IF EXISTS `ddsc_car`;
CREATE TABLE `ddsc_car` (
  `cid` int(11) NOT NULL AUTO_INCREMENT,
  `u_id` int(11) DEFAULT NULL COMMENT '用户id',
  `g_id` int(11) DEFAULT NULL COMMENT '商品id',
  `num` int(11) DEFAULT NULL COMMENT '商品数量',
  `c_name` varchar(255) DEFAULT NULL COMMENT '商品名称',
  `c_image` varchar(255) DEFAULT NULL COMMENT '商品图片',
  `price` float(16,2) NOT NULL DEFAULT '0.00',
  `status` tinyint(3) NOT NULL DEFAULT '0' COMMENT '选中状态 0否 1是',
  `s_id` int(11) DEFAULT NULL COMMENT '规格id',
  `s_name` varchar(255) DEFAULT NULL COMMENT '商品名称',
  `shopid` int(11) NOT NULL DEFAULT '0' COMMENT '店铺id',
  PRIMARY KEY (`cid`)
) ENGINE=MyISAM AUTO_INCREMENT=60 DEFAULT CHARSET=utf8 ROW_FORMAT=DYNAMIC COMMENT='购物车';

#
# Data for table "ddsc_car"
#

/*!40000 ALTER TABLE `ddsc_car` DISABLE KEYS */;
INSERT INTO `ddsc_car` VALUES (8,6,18,2,'就的撒恐龙当家','/uploads/20190228/ac22e809d97b9b0c7c90c0c8f8b5180b.png',100.00,0,2,'规格1',0),(10,6,17,2,'就的撒恐龙当家','/uploads/20190228/ac22e809d97b9b0c7c90c0c8f8b5180b.png',100.00,0,2,'规格1',0),(14,41,18,1,'就的撒恐龙当家','/uploads/20190228/ac22e809d97b9b0c7c90c0c8f8b5180b.png',100.00,0,2,'规格1',0),(36,8,18,100,'就的撒恐龙当家','/uploads/20190228/ac22e809d97b9b0c7c90c0c8f8b5180b.png',200.00,1,3,'规格2',0),(52,43,20,1,'测试55555','/uploads/20190318/8ed5311fde7712bcfeb638197895e1bf.jpg',0.02,0,7,'规格2',24),(53,45,19,17,'个梵蒂冈','/uploads/20190306/6caafa9ae89ed5ffd2b8b630e7112766.png',100.00,0,5,'规格2',2),(54,40,20,3,'测试55555','/uploads/20190318/1d1f104b7a71ff5d5b935270fa89d020.jpg',0.01,0,6,'规格1',24),(55,46,22,1,'老村长1','/uploads/20190321/737907f0956dfe45fb74b1206036577c.jpg',0.02,0,8,'规格1',25),(56,40,18,4,'就的撒恐龙当家','/uploads/20190306/386dac2b3f626f004e2b3a322a69c765.png',0.01,0,2,'规格1',0),(57,48,18,1,'就的撒恐龙当家','/uploads/20190306/386dac2b3f626f004e2b3a322a69c765.png',0.01,1,2,'规格1',0),(58,48,19,1,'个梵蒂冈','/uploads/20190306/6caafa9ae89ed5ffd2b8b630e7112766.png',100.00,1,5,'规格2',2),(59,48,18,3,'就的撒恐龙当家','/uploads/20190307/851d86f8d15f5917c81d893b3db7536e.png',0.02,1,3,'规格2',0);
/*!40000 ALTER TABLE `ddsc_car` ENABLE KEYS */;

#
# Structure for table "ddsc_car_dd"
#

DROP TABLE IF EXISTS `ddsc_car_dd`;
CREATE TABLE `ddsc_car_dd` (
  `did` int(11) NOT NULL AUTO_INCREMENT,
  `uid` int(11) DEFAULT NULL COMMENT '用户id',
  `gid` int(11) DEFAULT NULL COMMENT '商品id',
  `price` float(16,2) NOT NULL DEFAULT '0.01' COMMENT '商品单价',
  `num` int(11) DEFAULT NULL COMMENT '商品数量',
  `zprice` float(16,2) NOT NULL DEFAULT '0.01' COMMENT '商品总价',
  `g_name` varchar(255) DEFAULT NULL COMMENT '商品名称',
  `g_image` varchar(255) DEFAULT NULL COMMENT '商品图片',
  `status` tinyint(1) NOT NULL DEFAULT '0' COMMENT '商品状态 0已提交 1已确定 2已支付',
  `code` varchar(255) DEFAULT NULL COMMENT '订单编号',
  `pay` text COMMENT '总订单编号',
  `time` char(20) DEFAULT NULL COMMENT '提交时间',
  `a_id` int(11) DEFAULT NULL COMMENT '收货地址id',
  `content` text COMMENT '订单留言',
  `fa_time` varchar(255) DEFAULT NULL COMMENT '发货时间',
  `s_name` varchar(255) DEFAULT NULL COMMENT '商品规格',
  `pay_type` int(1) NOT NULL DEFAULT '0' COMMENT '支付方式 0微信支付 1股金支付',
  `tui_content` text COMMENT '退货原因',
  `tui_time` varchar(220) DEFAULT NULL COMMENT '申请退货时间',
  `shopid` int(11) NOT NULL DEFAULT '0' COMMENT '店铺id',
  `freight` float(16,2) NOT NULL DEFAULT '0.00' COMMENT '运费',
  `fu_time` varchar(255) DEFAULT NULL COMMENT '付款时间',
  `end_time` varchar(255) DEFAULT NULL COMMENT '完成时间',
  `reason` varchar(255) DEFAULT NULL COMMENT '订单取消原因',
  PRIMARY KEY (`did`)
) ENGINE=MyISAM AUTO_INCREMENT=86 DEFAULT CHARSET=utf8 ROW_FORMAT=DYNAMIC COMMENT='订单表';

#
# Data for table "ddsc_car_dd"
#

/*!40000 ALTER TABLE `ddsc_car_dd` DISABLE KEYS */;
INSERT INTO `ddsc_car_dd` VALUES (4,6,-1,0.01,1,410.00,'就的撒恐龙当家就的撒恐龙当家',NULL,3,'AKS-5c80c651a4440a','AK-5c80c651a4058a,CK-5c80c6519dac6,CK-5c80c651a3c70','1551943249',1,NULL,NULL,NULL,0,NULL,NULL,0,0.00,NULL,NULL,NULL),(5,6,19,100.00,2,200.00,'个梵蒂冈','/uploads/20190228/9242cc228bde23d8c2aa4bb37ef72592.png',6,'CK-5c80c66cc6d30',NULL,'1551943276',1,NULL,'1552358061','规格2',0,'内容','1552358754',2,0.00,NULL,NULL,'原因'),(6,6,16,100.00,2,200.00,'个梵蒂冈','/uploads/20190228/9242cc228bde23d8c2aa4bb37ef72592.png',6,'CK-5c80c66ccd2c2',NULL,'1551943276',1,NULL,'1552358061','规格2',0,'内容','1552358754',2,0.00,NULL,NULL,'原因'),(7,6,0,0.01,1,400.00,'个梵蒂冈个梵蒂冈',NULL,6,'AK-5c80c66ccd6aaa','CK-5c80c66cc6d30,CK-5c80c66ccd2c2','1551943276',1,NULL,'1552358061',NULL,0,'内容','1552358754',2,0.00,NULL,NULL,'原因'),(8,6,-1,0.01,1,400.00,'个梵蒂冈个梵蒂冈',NULL,0,'AKS-5c80c66ccda92a','AK-5c80c66ccd6aaa,CK-5c80c66cc6d30,CK-5c80c66ccd2c2','1551943276',1,NULL,NULL,NULL,0,NULL,NULL,0,0.00,NULL,NULL,NULL),(9,42,17,0.01,1,0.01,'测试11','/uploads/20190306/9b47cc27fbeee96f5092d3445f5ee9c7.png',3,'CK-5c8c56fc87f20',NULL,'1552701180',3,NULL,'1552729483','规格1',0,NULL,NULL,0,0.00,NULL,NULL,NULL),(10,42,0,0.01,1,0.01,'测试11',NULL,3,'AK-5c8c56fc88a2ca','CK-5c8c56fc87f20','1552701180',3,NULL,'1552729483',NULL,0,NULL,NULL,0,0.00,NULL,NULL,NULL),(11,42,-1,0.01,1,0.01,'测试11',NULL,1,'AKS-5c8c56fc88b84a','AK-5c8c56fc88a2ca,CK-5c8c56fc87f20','1552701180',3,NULL,NULL,NULL,0,NULL,NULL,0,0.00,NULL,NULL,NULL),(14,40,19,100.00,15,1500.00,'个梵蒂冈','/uploads/20190228/9242cc228bde23d8c2aa4bb37ef72592.png',-1,'CK-5c8c970b9ff80',NULL,'1552717579',4,NULL,NULL,'规格2',0,NULL,NULL,2,0.00,NULL,NULL,'我不想买了'),(15,40,0,0.01,1,1500.00,'个梵蒂冈',NULL,-1,'AK-5c8c970ba0452a','CK-5c8c970b9ff80','1552717579',4,NULL,NULL,NULL,0,NULL,NULL,2,0.00,NULL,NULL,'我不想买了'),(16,40,-1,0.01,1,1500.65,'就的撒恐龙当家个梵蒂冈',NULL,0,'AKS-5c8c970ba05e8a','AK-5c8c970b9fc6fa,AK-5c8c970ba0452a,CK-5c8c970b9f177,CK-5c8c970b9ff80','1552717579',4,NULL,NULL,NULL,0,NULL,NULL,0,0.00,NULL,NULL,NULL),(17,40,18,0.02,1,0.02,'就的撒恐龙当家','/uploads/20190307/851d86f8d15f5917c81d893b3db7536e.png',-1,'CK-5c8c972369f09',NULL,'1552717603',4,NULL,NULL,'规格2',0,NULL,NULL,0,0.00,NULL,NULL,'卖家缺货'),(18,40,0,0.02,1,0.02,'就的撒恐龙当家','/uploads/20190307/851d86f8d15f5917c81d893b3db7536e.png',-1,'AK-5c8c97236a07ca','CK-5c8c972369f09','1552717603',4,NULL,NULL,'规格2',0,NULL,NULL,0,0.00,NULL,NULL,'卖家缺货'),(19,40,18,0.01,1,0.01,'就的撒恐龙当家','/uploads/20190306/386dac2b3f626f004e2b3a322a69c765.png',-1,'CK-5c8ca0fc39b00',NULL,'1552720124',4,NULL,NULL,'规格1',0,NULL,NULL,0,0.00,NULL,NULL,'信息填写错误,重新买'),(20,40,0,0.01,1,0.01,'就的撒恐龙当家','/uploads/20190306/386dac2b3f626f004e2b3a322a69c765.png',-1,'AK-5c8ca0fc39ce3a','CK-5c8ca0fc39b00','1552720124',4,NULL,NULL,'规格1',0,NULL,NULL,0,0.00,NULL,NULL,'信息填写错误,重新买'),(21,40,18,0.01,1,0.01,'就的撒恐龙当家','/uploads/20190306/386dac2b3f626f004e2b3a322a69c765.png',-1,'CK-5c8ca4bfd94fc',NULL,'1552721087',4,NULL,NULL,'规格1',0,NULL,NULL,0,0.00,NULL,NULL,'我不想买了'),(22,40,0,0.01,1,0.01,'就的撒恐龙当家','/uploads/20190306/386dac2b3f626f004e2b3a322a69c765.png',-1,'AK-5c8ca4bfd96aba','CK-5c8ca4bfd94fc','1552721087',4,NULL,NULL,'规格1',0,NULL,NULL,0,0.00,NULL,NULL,'我不想买了'),(25,40,17,0.01,1,0.01,'测试11','/uploads/20190306/9b47cc27fbeee96f5092d3445f5ee9c7.png',3,'CK-5c8ca4fd4964c',NULL,'1552721149',4,NULL,NULL,'规格1',0,NULL,NULL,0,0.00,NULL,NULL,NULL),(26,40,0,0.01,1,0.01,'测试11','/uploads/20190306/9b47cc27fbeee96f5092d3445f5ee9c7.png',3,'AK-5c8ca4fd497e2a','CK-5c8ca4fd4964c','1552721149',4,NULL,NULL,'规格1',0,NULL,NULL,0,0.00,NULL,NULL,NULL),(27,40,19,100.00,1,100.00,'个梵蒂冈','/uploads/20190306/6caafa9ae89ed5ffd2b8b630e7112766.png',-1,'CK-5c8ca5756173d',NULL,'1552721269',4,NULL,NULL,'规格2',0,NULL,NULL,2,0.00,NULL,NULL,'运费不合适'),(28,40,0,100.00,1,100.00,'个梵蒂冈','/uploads/20190306/6caafa9ae89ed5ffd2b8b630e7112766.png',-1,'AK-5c8ca575618dba','CK-5c8ca5756173d','1552721269',4,NULL,NULL,'规格2',0,NULL,NULL,2,0.00,NULL,NULL,'运费不合适'),(40,40,0,0.01,1,0.01,'就的撒恐龙当家',NULL,3,'AK-5c8ca6002e50da','CK-5c8ca6002da64','1552721408',4,NULL,NULL,NULL,0,NULL,NULL,0,0.00,NULL,NULL,NULL),(41,40,-1,0.01,1,0.01,'就的撒恐龙当家',NULL,3,'AKS-5c8ca6002e665a','AK-5c8ca6002e50da,CK-5c8ca6002da64','1552721408',4,NULL,NULL,NULL,0,NULL,NULL,0,0.00,NULL,NULL,NULL),(42,40,18,0.01,1,0.01,'就的撒恐龙当家','/uploads/20190306/386dac2b3f626f004e2b3a322a69c765.png',4,'CK-5c8ca695082ec',NULL,'1552721557',4,NULL,NULL,'规格1',0,NULL,NULL,0,0.00,NULL,NULL,NULL),(43,40,0,0.01,1,0.01,'就的撒恐龙当家','/uploads/20190306/386dac2b3f626f004e2b3a322a69c765.png',4,'AK-5c8ca6950846da','CK-5c8ca695082ec','1552721557',4,NULL,NULL,'规格1',0,NULL,NULL,0,0.00,NULL,NULL,NULL),(45,40,18,0.01,1,0.01,'就的撒恐龙当家','/uploads/20190306/386dac2b3f626f004e2b3a322a69c765.png',2,'CK-5c8cb6a3d7905',NULL,'1552725667',4,NULL,NULL,'规格1',0,NULL,NULL,0,0.00,NULL,NULL,NULL),(46,40,0,0.01,1,0.03,'就的撒恐龙当家就的撒恐龙当家',NULL,3,'AK-5c8cb6a3d7ce0a','CK-5c8cb6a3d6e06,CK-5c8cb6a3d7905','1552725667',4,NULL,NULL,NULL,0,NULL,NULL,0,0.00,NULL,NULL,NULL),(47,40,-1,0.01,1,0.03,'就的撒恐龙当家就的撒恐龙当家',NULL,3,'AKS-5c8cb6a3d7e1ba','AK-5c8cb6a3d7ce0a,CK-5c8cb6a3d6e06,CK-5c8cb6a3d7905','1552725667',4,NULL,NULL,NULL,0,NULL,NULL,0,0.00,NULL,NULL,NULL),(48,42,17,0.01,1,0.01,'测试11','/uploads/20190306/9b47cc27fbeee96f5092d3445f5ee9c7.png',3,'CK-5c8cc430f3ccd',NULL,'1552729136',3,NULL,'1552729454','规格1',0,NULL,NULL,0,0.00,NULL,NULL,NULL),(49,42,0,0.01,1,0.01,'测试11','/uploads/20190306/9b47cc27fbeee96f5092d3445f5ee9c7.png',3,'AK-5c8cc430f3e74a','CK-5c8cc430f3ccd','1552729136',3,NULL,'1552729454','规格1',0,NULL,NULL,0,0.00,NULL,NULL,NULL),(50,42,17,0.01,2,0.02,'测试11','/uploads/20190306/9b47cc27fbeee96f5092d3445f5ee9c7.png',-1,'CK-5c8cc6096d94b',NULL,'1552729609',3,NULL,NULL,'规格1',0,NULL,NULL,0,0.00,NULL,NULL,'运费不合适'),(51,42,0,0.01,1,0.02,'测试11',NULL,-1,'AK-5c8cc6096e3f5a','CK-5c8cc6096d94b','1552729609',3,NULL,NULL,NULL,0,NULL,NULL,0,0.00,NULL,NULL,'运费不合适'),(52,42,-1,0.01,1,0.02,'测试11',NULL,0,'AKS-5c8cc6096e545a','AK-5c8cc6096e3f5a,CK-5c8cc6096d94b','1552729609',3,NULL,NULL,NULL,0,NULL,NULL,0,0.00,NULL,NULL,NULL),(53,43,18,0.01,1,0.01,'就的撒恐龙当家','/uploads/20190306/386dac2b3f626f004e2b3a322a69c765.png',0,'CK-5c8ccc6e32743',NULL,'1552731246',5,NULL,NULL,'规格1',0,NULL,NULL,0,0.00,NULL,NULL,NULL),(54,43,0,0.01,1,0.01,'就的撒恐龙当家','/uploads/20190306/386dac2b3f626f004e2b3a322a69c765.png',0,'AK-5c8ccc6e32919a','CK-5c8ccc6e32743','1552731246',5,NULL,NULL,'规格1',0,NULL,NULL,0,0.00,NULL,NULL,NULL),(55,44,18,0.01,1,0.01,'就的撒恐龙当家','/uploads/20190306/386dac2b3f626f004e2b3a322a69c765.png',-1,'CK-5c8ef1123fa11',NULL,'1552871698',6,NULL,NULL,'规格1',0,NULL,NULL,0,0.00,NULL,NULL,'我不想买了'),(56,44,0,0.01,1,0.01,'就的撒恐龙当家','/uploads/20190306/386dac2b3f626f004e2b3a322a69c765.png',-1,'AK-5c8ef1123fbdba','CK-5c8ef1123fa11','1552871698',6,NULL,NULL,'规格1',0,NULL,NULL,0,0.00,NULL,NULL,'我不想买了'),(57,44,18,0.01,1,0.01,'就的撒恐龙当家','/uploads/20190306/386dac2b3f626f004e2b3a322a69c765.png',0,'CK-5c8ef15096334',NULL,'1552871760',6,NULL,NULL,'规格1',0,NULL,NULL,0,0.00,NULL,NULL,NULL),(58,44,0,0.01,1,0.01,'就的撒恐龙当家','/uploads/20190306/386dac2b3f626f004e2b3a322a69c765.png',0,'AK-5c8ef15096519a','CK-5c8ef15096334','1552871760',6,NULL,NULL,'规格1',0,NULL,NULL,0,0.00,NULL,NULL,NULL),(59,40,18,0.01,1,0.01,'就的撒恐龙当家','/uploads/20190306/386dac2b3f626f004e2b3a322a69c765.png',-1,'CK-5c8ef19c2e6b4',NULL,'1552871836',4,NULL,NULL,'规格1',0,NULL,NULL,0,0.00,NULL,NULL,'我不想买了'),(60,40,0,0.01,1,0.01,'就的撒恐龙当家','/uploads/20190306/386dac2b3f626f004e2b3a322a69c765.png',-1,'AK-5c8ef19c2e838a','CK-5c8ef19c2e6b4','1552871836',4,NULL,NULL,'规格1',0,NULL,NULL,0,0.00,NULL,NULL,'我不想买了'),(61,40,18,0.01,1,0.01,'就的撒恐龙当家','/uploads/20190306/386dac2b3f626f004e2b3a322a69c765.png',-1,'CK-5c8eff7c25330',NULL,'1552875388',4,NULL,NULL,'规格1',0,NULL,NULL,0,0.00,NULL,NULL,'我不想买了'),(62,40,0,0.01,1,0.01,'就的撒恐龙当家',NULL,-1,'AK-5c8eff7c25e1da','CK-5c8eff7c25330','1552875388',4,NULL,NULL,NULL,0,NULL,NULL,0,0.00,NULL,NULL,'我不想买了'),(63,40,19,100.00,1,100.00,'个梵蒂冈','/uploads/20190306/6caafa9ae89ed5ffd2b8b630e7112766.png',-1,'CK-5c8eff7c260af',NULL,'1552875388',4,NULL,NULL,'规格2',0,NULL,NULL,2,0.00,NULL,NULL,'我不想买了'),(64,40,0,0.01,1,100.00,'个梵蒂冈',NULL,-1,'AK-5c8eff7c26459a','CK-5c8eff7c260af','1552875388',4,NULL,NULL,NULL,0,NULL,NULL,2,0.00,NULL,NULL,'我不想买了'),(65,40,-1,0.01,1,100.01,'就的撒恐龙当家个梵蒂冈',NULL,3,'AKS-5c8eff7c26598a','AK-5c8eff7c25e1da,AK-5c8eff7c26459a,CK-5c8eff7c25330,CK-5c8eff7c260af','1552875388',4,NULL,NULL,NULL,0,NULL,NULL,0,0.00,NULL,NULL,NULL),(66,40,18,0.01,1,0.01,'就的撒恐龙当家','/uploads/20190306/386dac2b3f626f004e2b3a322a69c765.png',-1,'CK-5c8f01a88f156',NULL,'1552875944',4,NULL,NULL,'规格1',0,NULL,NULL,0,0.00,NULL,NULL,'卖家缺货'),(67,40,0,0.01,1,0.01,'就的撒恐龙当家',NULL,-1,'AK-5c8f01a88fc4fa','CK-5c8f01a88f156','1552875944',4,NULL,NULL,NULL,0,NULL,NULL,0,0.00,NULL,NULL,'卖家缺货'),(68,40,19,100.00,1,100.00,'个梵蒂冈','/uploads/20190306/6caafa9ae89ed5ffd2b8b630e7112766.png',-1,'CK-5c8f01a88ff00',NULL,'1552875944',4,NULL,NULL,'规格2',0,NULL,NULL,2,0.00,NULL,NULL,'卖家缺货'),(69,40,0,0.01,1,100.00,'个梵蒂冈',NULL,-1,'AK-5c8f01a8902a5a','CK-5c8f01a88ff00','1552875944',4,NULL,NULL,NULL,0,NULL,NULL,2,0.00,NULL,NULL,'卖家缺货'),(70,40,-1,0.01,1,100.01,'就的撒恐龙当家个梵蒂冈',NULL,0,'AKS-5c8f01a8903e9a','AK-5c8f01a88fc4fa,AK-5c8f01a8902a5a,CK-5c8f01a88f156,CK-5c8f01a88ff00','1552875944',4,NULL,NULL,NULL,0,NULL,NULL,0,0.00,NULL,NULL,NULL),(71,40,18,0.01,1,0.01,'就的撒恐龙当家','/uploads/20190306/386dac2b3f626f004e2b3a322a69c765.png',-1,'CK-5c8f01e0b1aca',NULL,'1552876000',4,NULL,NULL,'规格1',0,NULL,'1552878908',0,0.00,NULL,NULL,'运费不合适'),(72,40,18,0.02,1,0.02,'就的撒恐龙当家','/uploads/20190307/851d86f8d15f5917c81d893b3db7536e.png',-1,'CK-5c8f01e0b2574',NULL,'1552876000',4,NULL,NULL,'规格2',0,NULL,'1552878908',0,0.00,NULL,NULL,'运费不合适'),(73,40,0,0.01,1,0.03,'就的撒恐龙当家就的撒恐龙当家',NULL,-1,'AK-5c8f01e0b2918a','CK-5c8f01e0b1aca,CK-5c8f01e0b2574','1552876000',4,NULL,NULL,NULL,0,NULL,'1552878908',0,0.00,NULL,NULL,'运费不合适'),(74,40,-1,0.01,1,0.03,'就的撒恐龙当家就的撒恐龙当家',NULL,3,'AKS-5c8f01e0b2a60a','AK-5c8f01e0b2918a,CK-5c8f01e0b1aca,CK-5c8f01e0b2574','1552876000',4,NULL,NULL,NULL,0,NULL,NULL,0,0.00,NULL,NULL,NULL),(75,40,18,0.01,6,0.06,'就的撒恐龙当家','/uploads/20190306/386dac2b3f626f004e2b3a322a69c765.png',-1,'CK-5c8f091bb22ab',NULL,'1552877851',4,NULL,NULL,'规格1',0,NULL,'1552878906',0,0.00,NULL,NULL,'信息填写错误,重新买'),(76,40,0,0.01,1,0.06,'就的撒恐龙当家','/uploads/20190306/386dac2b3f626f004e2b3a322a69c765.png',-1,'AK-5c8f091bb2458a','CK-5c8f091bb22ab','1552877851',4,NULL,NULL,'规格1',0,NULL,'1552878906',0,0.00,NULL,NULL,'信息填写错误,重新买'),(77,40,17,0.01,7,0.07,'测试11','/uploads/20190306/9b47cc27fbeee96f5092d3445f5ee9c7.png',-1,'CK-5c8f09d25584b',NULL,'1552878034',4,NULL,NULL,'规格1',0,NULL,'1552878903',0,0.00,NULL,NULL,'我不想买了'),(78,40,0,0.01,1,0.07,'测试11','/uploads/20190306/9b47cc27fbeee96f5092d3445f5ee9c7.png',-1,'AK-5c8f09d2559f9a','CK-5c8f09d25584b','1552878034',4,NULL,NULL,'规格1',0,NULL,'1552878903',0,0.00,NULL,NULL,'我不想买了'),(79,42,20,0.01,1,0.01,'测试55555','/uploads/20190318/1d1f104b7a71ff5d5b935270fa89d020.jpg',3,'CK-5c8f11c2c2f92',NULL,'1552880066',3,NULL,'1552880232','规格1',0,NULL,NULL,24,0.00,NULL,NULL,NULL),(80,42,0,0.01,1,0.01,'测试55555','/uploads/20190318/1d1f104b7a71ff5d5b935270fa89d020.jpg',3,'AK-5c8f11c2c315ea','CK-5c8f11c2c2f92','1552880066',3,NULL,'1552880232','规格1',0,NULL,NULL,24,0.00,NULL,NULL,NULL),(81,42,20,0.01,1,0.01,'测试55555','/uploads/20190318/1d1f104b7a71ff5d5b935270fa89d020.jpg',3,'CK-5c8f131d7cb8b',NULL,'1552880413',3,NULL,'1552880431','规格1',0,NULL,NULL,24,0.00,NULL,NULL,NULL),(82,42,0,0.01,1,0.01,'测试55555',NULL,3,'AK-5c8f131d7d6b5a','CK-5c8f131d7cb8b','1552880413',3,NULL,'1552880431',NULL,0,NULL,NULL,24,0.00,NULL,NULL,NULL),(83,42,-1,0.01,1,0.01,'测试55555',NULL,1,'AKS-5c8f131d7d808a','AK-5c8f131d7d6b5a,CK-5c8f131d7cb8b','1552880413',3,NULL,NULL,NULL,0,NULL,NULL,0,0.00,NULL,NULL,NULL),(84,46,22,0.02,1,0.02,'老村长1','/uploads/20190321/737907f0956dfe45fb74b1206036577c.jpg',2,'CK-5c92fa1770f19',NULL,'1553136151',7,NULL,'1553136209','规格1',0,NULL,NULL,25,0.00,NULL,NULL,NULL),(85,46,0,0.02,1,0.02,'老村长1','/uploads/20190321/737907f0956dfe45fb74b1206036577c.jpg',2,'AK-5c92fa17710cea','CK-5c92fa1770f19','1553136151',7,NULL,'1563136209','规格1',0,NULL,NULL,25,0.00,NULL,NULL,NULL);
/*!40000 ALTER TABLE `ddsc_car_dd` ENABLE KEYS */;

#
# Structure for table "ddsc_carte"
#

DROP TABLE IF EXISTS `ddsc_carte`;
CREATE TABLE `ddsc_carte` (
  `cid` int(11) NOT NULL AUTO_INCREMENT,
  `c_name` varchar(255) DEFAULT NULL COMMENT '模块名称',
  `c_modul` varchar(255) DEFAULT NULL COMMENT '控制器',
  `c_icon` varchar(255) DEFAULT NULL COMMENT '图标',
  `pid` int(11) DEFAULT NULL COMMENT '上级id',
  `c_sort` int(11) NOT NULL DEFAULT '50' COMMENT '排序',
  PRIMARY KEY (`cid`)
) ENGINE=MyISAM AUTO_INCREMENT=85 DEFAULT CHARSET=utf8 ROW_FORMAT=DYNAMIC;

#
# Data for table "ddsc_carte"
#

/*!40000 ALTER TABLE `ddsc_carte` DISABLE KEYS */;
INSERT INTO `ddsc_carte` VALUES (1,'网站设置','Sys','fa-desktop',0,1),(2,'基本信息','seting','',1,50),(3,'网站优化','seo','',1,50),(4,'广告管理','Lb','fa-picture-o',0,2),(5,'广告列表','lister','',4,50),(6,'广告位','place','',4,50),(13,'菜单管理','Carte','fa-reorder',0,3),(14,'后台模板','lister','',13,50),(16,'管理员管理','User','fa-user',0,4),(17,'管理员列表','lister','',16,50),(19,'会员管理','Member','fa-address-book-o',0,5),(20,'会员列表','lister','',19,50),(34,'日志管理','Log','fa-book',0,12),(36,'后台登录日志','index','',34,50),(39,'订单管理','Dd','fa-paper-plane',0,7),(40,'待付款订单','dai_dd','',39,50),(41,'待发货订单','fa_dd','',39,50),(42,'待收货订单','shou_dd','',39,50),(43,'待评价订单','ping_dd','',39,50),(44,'已完成订单','wan_dd','',39,50),(45,'商品管理','Goods','fa-map-signs',0,6),(46,'商品列表','lister','',45,50),(47,'商品分类','type','',45,50),(48,'评论管理','Assess','fa-area-chart',0,50),(58,'未审核评论','lister','',48,50),(59,'已审核评论','index','',48,50),(62,'意见反馈','Message','fa-desktop',0,50),(63,'反馈列表','lister','',62,50),(67,'申请退货列表','tui_dd','',39,50),(68,'已退货列表','ytui_dd','',39,50),(69,'店铺管理','Shop','fa-flag',0,8),(70,'店铺列表','lister','',69,50),(71,'待审核商品','index','',45,50),(74,'快递柜管理','Sark','fa-cube',0,10),(75,'快递柜列表','lister','',74,50),(78,'免费次数','free','',74,50),(79,'开柜金额','money','',74,50),(80,'赠送积分','sales','',74,50),(81,'申请列表','apply','',69,50),(82,'厂商列表','firm','',74,50),(83,'提现手续费','ti','',69,50),(84,'提现管理','cash','',69,50);
/*!40000 ALTER TABLE `ddsc_carte` ENABLE KEYS */;

#
# Structure for table "ddsc_code"
#

DROP TABLE IF EXISTS `ddsc_code`;
CREATE TABLE `ddsc_code` (
  `id` int(11) NOT NULL AUTO_INCREMENT,
  `phone` varchar(255) DEFAULT NULL COMMENT '手机号码',
  `code` char(6) DEFAULT NULL COMMENT '验证码',
  `time` varchar(255) DEFAULT NULL COMMENT '发送时间',
  PRIMARY KEY (`id`)
) ENGINE=MyISAM AUTO_INCREMENT=14 DEFAULT CHARSET=utf8 COMMENT='验证码';

#
# Data for table "ddsc_code"
#

/*!40000 ALTER TABLE `ddsc_code` DISABLE KEYS */;
INSERT INTO `ddsc_code` VALUES (7,'13838151120','699129','1552888665'),(9,'18638175209','968148','1552906093');
/*!40000 ALTER TABLE `ddsc_code` ENABLE KEYS */;

#
# Structure for table "ddsc_collect"
#

DROP TABLE IF EXISTS `ddsc_collect`;
CREATE TABLE `ddsc_collect` (
  `id` int(11) NOT NULL AUTO_INCREMENT,
  `u_id` int(11) NOT NULL DEFAULT '0',
  `g_id` int(11) NOT NULL DEFAULT '0',
  PRIMARY KEY (`id`)
) ENGINE=MyISAM AUTO_INCREMENT=36 DEFAULT CHARSET=utf8 COMMENT='商品收藏';

#
# Data for table "ddsc_collect"
#

/*!40000 ALTER TABLE `ddsc_collect` DISABLE KEYS */;
INSERT INTO `ddsc_collect` VALUES (1,6,18),(9,40,17),(22,40,18),(23,41,18),(26,40,19),(27,40,6),(34,43,20),(35,40,20);
/*!40000 ALTER TABLE `ddsc_collect` ENABLE KEYS */;

#
# Structure for table "ddsc_courier"
#

DROP TABLE IF EXISTS `ddsc_courier`;
CREATE TABLE `ddsc_courier` (
  `cid` int(11) NOT NULL AUTO_INCREMENT,
  `aid` int(11) NOT NULL DEFAULT '0' COMMENT '所属区域id',
  `eid` int(11) NOT NULL DEFAULT '0' COMMENT '所属公司id',
  `name` varchar(255) DEFAULT NULL COMMENT '快递员姓名',
  `phone` varchar(255) DEFAULT NULL COMMENT '手机号码',
  `time` datetime DEFAULT NULL COMMENT '添加时间',
  PRIMARY KEY (`cid`)
) ENGINE=MyISAM AUTO_INCREMENT=4 DEFAULT CHARSET=utf8 COMMENT='快递员列表';

#
# Data for table "ddsc_courier"
#

/*!40000 ALTER TABLE `ddsc_courier` DISABLE KEYS */;
INSERT INTO `ddsc_courier` VALUES (3,3,3,'王鹏飞','15939590207','2019-03-13 15:13:48');
/*!40000 ALTER TABLE `ddsc_courier` ENABLE KEYS */;

#
# Structure for table "ddsc_express"
#

DROP TABLE IF EXISTS `ddsc_express`;
CREATE TABLE `ddsc_express` (
  `ex_id` int(11) NOT NULL AUTO_INCREMENT,
  `ex_name` varchar(255) DEFAULT NULL COMMENT '公司名称',
  `ex_addr` varchar(255) DEFAULT NULL COMMENT '公司地址',
  `ex_status` tinyint(3) NOT NULL DEFAULT '0' COMMENT '公司状态 0关闭 1开启',
  `ex_time` varchar(255) DEFAULT NULL COMMENT '添加时间',
  PRIMARY KEY (`ex_id`)
) ENGINE=MyISAM AUTO_INCREMENT=4 DEFAULT CHARSET=utf8 COMMENT='快递公司';

#
# Data for table "ddsc_express"
#

/*!40000 ALTER TABLE `ddsc_express` DISABLE KEYS */;
INSERT INTO `ddsc_express` VALUES (2,'顺丰快递','郑州市金水区1',1,'2019-03-12 15:20:40'),(3,'韵达快递','郑州市中原区1',1,'2019-03-13 11:07:48');
/*!40000 ALTER TABLE `ddsc_express` ENABLE KEYS */;

#
# Structure for table "ddsc_express_dd"
#

DROP TABLE IF EXISTS `ddsc_express_dd`;
CREATE TABLE `ddsc_express_dd` (
  `id` int(11) NOT NULL AUTO_INCREMENT,
  `u_id` int(11) NOT NULL DEFAULT '0' COMMENT '用户id',
  `status` int(11) NOT NULL DEFAULT '0' COMMENT '状态 0待支付 1已支付 2已取件',
  `time` varchar(255) DEFAULT NULL COMMENT '下单时间',
  `code` varchar(255) DEFAULT NULL COMMENT '订单号',
  `type` tinyint(3) NOT NULL DEFAULT '0' COMMENT '订单类型 0业主 1其他人',
  `money` float(16,2) NOT NULL DEFAULT '0.00' COMMENT '订单金额',
  `number` varchar(255) DEFAULT NULL COMMENT '柜子编号',
  `f_time` varchar(255) DEFAULT NULL COMMENT '快递放入时间',
  PRIMARY KEY (`id`)
) ENGINE=MyISAM AUTO_INCREMENT=124 DEFAULT CHARSET=utf8 COMMENT='寄件订单';

#
# Data for table "ddsc_express_dd"
#

/*!40000 ALTER TABLE `ddsc_express_dd` DISABLE KEYS */;
INSERT INTO `ddsc_express_dd` VALUES (1,47,1,'1552632180','20190315144300',0,1.00,'001',NULL),(3,8,1,'1552633463','20190315150423',1,1.00,'001',NULL),(4,48,1,'1552633835','20190315151035',1,1.00,'100103519',NULL),(6,40,1,'1552900138','20190318170858',0,1.00,NULL,NULL),(7,40,1,'1552900298','20190318171138',0,1.00,NULL,NULL),(8,40,1,'1552901909','20190318173829',0,1.00,NULL,NULL),(9,40,1,'1552901921','20190318173841',0,1.00,NULL,NULL),(10,40,1,'1552902697','20190318175137',0,1.00,NULL,NULL),(11,40,1,'1552962809','20190319103329',0,1.00,NULL,NULL),(12,40,1,'1552963033','20190319103713',0,1.00,NULL,NULL),(13,40,1,'1552963715','20190319104835',0,1.00,NULL,NULL),(14,40,1,'1552963779','20190319104939',0,1.00,NULL,NULL),(15,40,1,'1552963797','20190319104957',0,1.00,NULL,NULL),(16,40,1,'1552964113','20190319105513',0,1.00,NULL,NULL),(17,40,1,'1552964165','20190319105605',0,1.00,NULL,NULL),(18,40,1,'1552964224','20190319105704',0,1.00,NULL,NULL),(19,40,1,'1552964261','20190319105741',0,1.00,NULL,NULL),(20,40,1,'1552964339','20190319105859',0,1.00,NULL,NULL),(21,40,1,'1552964353','20190319105913',0,1.00,NULL,NULL),(22,40,1,'1552964654','20190319110414',0,1.00,NULL,NULL),(23,40,1,'1552964681','20190319110441',0,1.00,NULL,NULL),(24,40,1,'1552964752','20190319110552',0,1.00,NULL,NULL),(25,40,1,'1552964844','20190319110724',0,1.00,NULL,NULL),(26,40,1,'1552964859','20190319110739',0,1.00,NULL,NULL),(27,40,1,'1552964892','20190319110812',0,1.00,NULL,NULL),(28,40,1,'1552964932','20190319110852',0,1.00,NULL,NULL),(29,40,1,'1552965100','20190319111140',0,1.00,NULL,NULL),(30,40,1,'1552965806','20190319112326',0,1.00,NULL,NULL),(31,40,1,'1552965835','20190319112355',0,1.00,NULL,NULL),(32,40,1,'1552965853','20190319112413',0,1.00,NULL,NULL),(33,40,1,'1552965886','20190319112446',0,1.00,NULL,NULL),(34,40,1,'1552965935','20190319112535',0,1.00,NULL,NULL),(35,40,1,'1552965941','20190319112541',0,1.00,NULL,NULL),(36,40,1,'1552966011','20190319112651',0,1.00,NULL,NULL),(37,40,1,'1552966183','20190319112943',0,1.00,NULL,NULL),(38,40,1,'1552966190','20190319112950',0,1.00,NULL,NULL),(39,40,1,'1552966232','20190319113032',0,1.00,NULL,NULL),(40,40,1,'1552966240','20190319113040',0,1.00,NULL,NULL),(41,40,1,'1552966379','20190319113259',0,1.00,NULL,NULL),(42,40,1,'1552966432','20190319113352',0,1.00,NULL,NULL),(43,40,1,'1552966448','20190319113408',0,1.00,NULL,NULL),(44,40,1,'1552966530','20190319113530',0,1.00,NULL,NULL),(45,40,1,'1552966558','20190319113558',0,1.00,NULL,NULL),(46,40,1,'1552967564','20190319115244',0,1.00,NULL,NULL),(47,40,1,'1552967599','20190319115319',0,1.00,NULL,NULL),(48,40,1,'1552967610','20190319115330',0,1.00,NULL,NULL),(49,40,1,'1552967683','20190319115443',0,1.00,NULL,NULL),(50,40,1,'1552967700','20190319115500',0,1.00,NULL,NULL),(51,40,1,'1552967708','20190319115508',0,1.00,NULL,NULL),(52,40,1,'1552981503','20190319154503',0,1.00,NULL,NULL),(53,40,1,'1552981518','20190319154518',0,1.00,NULL,NULL),(54,40,1,'1552981864','20190319155104',0,1.00,NULL,NULL),(55,40,1,'1552981874','20190319155114',0,1.00,NULL,NULL),(56,40,1,'1552982219','20190319155659',0,1.00,NULL,NULL),(57,40,1,'1552982293','20190319155813',0,1.00,NULL,NULL),(58,40,1,'1552982300','20190319155820',0,1.00,NULL,NULL),(59,40,1,'1552982331','20190319155851',0,1.00,NULL,NULL),(60,40,1,'1552982351','20190319155911',0,1.00,NULL,NULL),(61,40,1,'1552982462','20190319160102',0,1.00,NULL,NULL),(62,40,1,'1552982488','20190319160128',0,1.00,NULL,NULL),(63,40,1,'1553504316','20190325165836',0,1.00,NULL,NULL),(64,40,1,'1553504322','20190325165842',0,1.00,NULL,NULL),(65,40,1,'1553504331','20190325165851',0,1.00,NULL,NULL),(66,40,1,'1553505103','20190325171143',0,1.00,NULL,NULL),(67,40,1,'1553505157','20190325171237',0,1.00,NULL,NULL),(68,40,1,'1553505420','20190325171700',0,1.00,NULL,NULL),(69,40,1,'1553505736','20190325172216',0,1.00,NULL,NULL),(70,40,1,'1553505806','20190325172326',0,1.00,NULL,NULL),(71,40,1,'1553506042','20190325172722',0,1.00,NULL,NULL),(72,40,1,'1553506101','20190325172821',0,1.00,NULL,NULL),(73,40,1,'1553506141','20190325172901',0,1.00,NULL,NULL),(74,40,1,'1553506192','20190325172952',0,1.00,NULL,NULL),(75,40,1,'1553506262','20190325173102',0,1.00,NULL,NULL),(76,40,1,'1553506303','20190325173143',0,1.00,NULL,NULL),(77,40,1,'1553506328','20190325173208',0,1.00,NULL,NULL),(78,40,1,'1553506351','20190325173231',0,1.00,NULL,NULL),(79,40,1,'1553506360','20190325173240',0,1.00,NULL,NULL),(80,40,1,'1553506379','20190325173259',0,1.00,NULL,NULL),(81,40,1,'1553506394','20190325173314',0,1.00,NULL,NULL),(82,40,1,'1553506435','20190325173355',0,1.00,NULL,NULL),(83,40,1,'1553506443','20190325173403',0,1.00,NULL,NULL),(84,40,1,'1553506524','20190325173524',0,1.00,NULL,NULL),(85,40,1,'1553506545','20190325173545',0,1.00,NULL,NULL),(86,40,1,'1553506768','20190325173928',0,1.00,NULL,NULL),(87,40,1,'1553506790','20190325173950',0,1.00,NULL,NULL),(88,40,1,'1553506836','20190325174036',0,1.00,NULL,NULL),(89,40,1,'1553506857','20190325174057',0,1.00,NULL,NULL),(90,40,1,'1553507157','20190325174557',0,1.00,NULL,NULL),(91,40,1,'1553507159','20190325174559',0,1.00,NULL,NULL),(92,40,1,'1553507186','20190325174626',0,1.00,NULL,NULL),(93,40,1,'1553507415','20190325175015',0,1.00,NULL,NULL),(94,40,1,'1553508037','20190325180037',0,1.00,NULL,NULL),(95,40,1,'1553584402','20190326151322',1,1.00,'100103519',NULL),(96,47,1,'1553587696','20190326160816',1,1.00,'100103519',NULL),(97,47,1,'1553587741','20190326160901',1,1.00,'100103519',NULL),(98,47,1,'1553588681','20190326162441',1,1.00,'100103519',NULL),(99,47,1,'1553589170','20190326163250',1,1.00,'100103519',NULL),(100,47,1,'1553589248','20190326163408',0,1.00,NULL,NULL),(101,47,1,'1553591151','20190326170551',0,1.00,NULL,NULL),(102,47,1,'1553591229','20190326170709',0,1.00,NULL,NULL),(103,47,1,'1553591639','20190326171359',0,1.00,NULL,NULL),(104,47,1,'1553591745','20190326171545',0,1.00,NULL,NULL),(105,47,1,'1553591849','20190326171729',0,1.00,NULL,NULL),(106,47,1,'1553591976','20190326171936',0,1.00,NULL,NULL),(107,47,1,'1553592002','20190326172002',0,1.00,NULL,NULL),(108,47,1,'1553592062','20190326172102',0,1.00,NULL,NULL),(109,47,1,'1553592090','20190326172130',0,1.00,NULL,NULL),(110,47,1,'1553592254','20190326172414',0,1.00,NULL,NULL),(111,47,1,'1553592988','20190326173628',0,1.00,NULL,NULL),(112,47,1,'1553593035','20190326173715',0,1.00,NULL,NULL),(113,47,1,'1553593073','20190326173753',0,1.00,NULL,NULL),(114,47,1,'1553593257','20190326174057',0,1.00,NULL,NULL),(115,47,1,'1553593634','20190326174714',0,1.00,NULL,NULL),(116,47,1,'1553593682','20190326174802',0,1.00,NULL,NULL),(117,47,1,'1553593758','20190326174918',0,1.00,NULL,NULL),(118,47,1,'1553593771','20190326174931',0,1.00,NULL,NULL),(119,47,1,'1553594241','20190326175721',0,1.00,NULL,NULL),(120,47,1,'1553594276','20190326175756',0,1.00,NULL,NULL),(121,47,1,'1553594428','20190326180028',0,1.00,NULL,NULL),(122,47,1,'1553594678','20190326180438',0,1.00,NULL,NULL),(123,47,1,'1553595808','20190326182328',0,1.00,NULL,NULL);
/*!40000 ALTER TABLE `ddsc_express_dd` ENABLE KEYS */;

#
# Structure for table "ddsc_free"
#

DROP TABLE IF EXISTS `ddsc_free`;
CREATE TABLE `ddsc_free` (
  `id` int(11) NOT NULL AUTO_INCREMENT,
  `num` float(16,2) NOT NULL DEFAULT '0.00',
  PRIMARY KEY (`id`)
) ENGINE=MyISAM AUTO_INCREMENT=5 DEFAULT CHARSET=utf8 COMMENT='免费次数';

#
# Data for table "ddsc_free"
#

/*!40000 ALTER TABLE `ddsc_free` DISABLE KEYS */;
INSERT INTO `ddsc_free` VALUES (1,10.00),(2,0.01),(3,10.00),(4,10.00);
/*!40000 ALTER TABLE `ddsc_free` ENABLE KEYS */;

#
# Structure for table "ddsc_goods"
#

DROP TABLE IF EXISTS `ddsc_goods`;
CREATE TABLE `ddsc_goods` (
  `gid` int(11) NOT NULL AUTO_INCREMENT COMMENT '商品id',
  `g_name` varchar(255) DEFAULT NULL COMMENT '商品名称',
  `g_xprice` float(16,2) NOT NULL DEFAULT '0.00' COMMENT '商品现价',
  `g_sales` int(11) NOT NULL DEFAULT '0' COMMENT '销量',
  `g_kc` int(11) DEFAULT NULL COMMENT '库存',
  `g_content` text COMMENT '商品详情',
  `g_up` tinyint(1) NOT NULL DEFAULT '0' COMMENT '商品状态 0下架 1上架',
  `g_status` tinyint(1) NOT NULL DEFAULT '0' COMMENT '首页显示 0否 1是',
  `g_sort` int(11) NOT NULL DEFAULT '0' COMMENT '排序',
  `g_image` varchar(255) DEFAULT NULL COMMENT '商品图片',
  `fid` int(11) DEFAULT NULL COMMENT '所属分类id',
  `spec` text COMMENT '商品规格',
  `desc` varchar(255) DEFAULT NULL COMMENT '商品描述',
  `tag` varchar(255) DEFAULT NULL COMMENT '商品标签',
  `g_images` varchar(255) DEFAULT NULL COMMENT '首页推荐图',
  `shopid` int(11) NOT NULL DEFAULT '0' COMMENT '店铺id',
  `g_freight` float(16,2) NOT NULL DEFAULT '0.00' COMMENT '运费',
  `g_audi` tinyint(3) NOT NULL DEFAULT '1' COMMENT '是否审核 0否 1是',
  `g_thumb` varchar(255) DEFAULT NULL COMMENT '推荐图125',
  PRIMARY KEY (`gid`)
) ENGINE=MyISAM AUTO_INCREMENT=23 DEFAULT CHARSET=utf8 ROW_FORMAT=DYNAMIC;

#
# Data for table "ddsc_goods"
#

/*!40000 ALTER TABLE `ddsc_goods` DISABLE KEYS */;
INSERT INTO `ddsc_goods` VALUES (2,'测试11',22.00,1,222,'<p><img src=\"/ueditor/php/upload/image/20190226/1551164001.png\" title=\"1551164001.png\" alt=\"17051971672_1200x799.png\"/></p>',1,1,50,'/uploads/20190228/e3e64b25d62d037b3fedae1244437b94.png',1,'','商品描述','标签1@标签2','/thumb/5c774f6a195e40.52800350.jpg',0,0.00,1,'/thumb/cd8ab9d7637859a571d2f4fc3fda9c69.jpg'),(3,'测试11',12.00,2,222,'<p><img src=\"/ueditor/php/upload/image/20190226/1551164001.png\" title=\"1551164001.png\" alt=\"17051971672_1200x799.png\"/></p>',1,1,50,'/uploads/20190228/4008214c7a9306c52ab6b801ef25ae57.png',1,'','商品描述','标签1@标签2','/thumb/5c774f6090dd47.62358795.jpg',0,0.00,1,'/thumb/22df999604d98394b0ae33dde22b07c1.jpg'),(4,'测试11',25.00,3,222,'<p><img src=\"/ueditor/php/upload/image/20190226/1551164001.png\" title=\"1551164001.png\" alt=\"17051971672_1200x799.png\"/></p>',1,1,50,'/uploads/20190228/26e5dd8fd554cf3197fa1d7d7579d438.png',1,'','商品描述','标签1@标签2','/thumb/5c774f57d49d16.11538929.jpg',0,0.00,1,'/thumb/26e22d53778cd27ced003ff58f8bad1a.jpg'),(5,'测试11',0.01,4,222,'<p><img src=\"/ueditor/php/upload/image/20190226/1551164001.png\" title=\"1551164001.png\" alt=\"17051971672_1200x799.png\"/></p>',1,1,50,'/uploads/20190228/91bc12bb2a6ff0ae9e05fbadb03822e8.png',1,'','商品描述','标签1@标签2','/thumb/5c774f4bdbc551.04242419.jpg',0,0.00,1,'/thumb/f3833c7e664c7ce6fc382506ad4fca40.jpg'),(6,'测试11',52.00,5,222,'<p><img src=\"/ueditor/php/upload/image/20190226/1551164001.png\" title=\"1551164001.png\" alt=\"17051971672_1200x799.png\"/></p>',1,0,50,'/uploads/20190226/8ae1351c885e70415d1c7ed3ee6232f4.png',2,'','商品描述','标签1@标签2','/thumb/5c74e64919bfd8.34573971.jpg',2,0.00,1,'/thumb/c53cf642af87222f7dec9f5d5b6d2bf9.jpg'),(7,'测试11',45.00,6,222,'<p><img src=\"/ueditor/php/upload/image/20190226/1551164001.png\" title=\"1551164001.png\" alt=\"17051971672_1200x799.png\"/></p>',1,0,50,'/uploads/20190226/8ae1351c885e70415d1c7ed3ee6232f4.png',2,'','商品描述','标签1@标签2','/thumb/5c74e64919bfd8.34573971.jpg',2,0.00,1,'/thumb/c53cf642af87222f7dec9f5d5b6d2bf9.jpg'),(8,'测试11',57.00,7,222,'<p><img src=\"/ueditor/php/upload/image/20190226/1551164001.png\" title=\"1551164001.png\" alt=\"17051971672_1200x799.png\"/></p>',1,0,50,'/uploads/20190226/8ae1351c885e70415d1c7ed3ee6232f4.png',2,'','商品描述','标签1@标签2','/thumb/5c74e64919bfd8.34573971.jpg',2,0.00,1,'/thumb/c53cf642af87222f7dec9f5d5b6d2bf9.jpg'),(9,'测试11',456.00,8,222,'<p><img src=\"/ueditor/php/upload/image/20190226/1551164001.png\" title=\"1551164001.png\" alt=\"17051971672_1200x799.png\"/></p>',1,0,50,'/uploads/20190226/8ae1351c885e70415d1c7ed3ee6232f4.png',2,'','商品描述','标签1@标签2','/thumb/5c74e64919bfd8.34573971.jpg',2,0.00,1,'/thumb/c53cf642af87222f7dec9f5d5b6d2bf9.jpg'),(10,'测试11',5454.00,9,222,'<p><img src=\"/ueditor/php/upload/image/20190226/1551164001.png\" title=\"1551164001.png\" alt=\"17051971672_1200x799.png\"/></p>',1,0,50,'/uploads/20190226/8ae1351c885e70415d1c7ed3ee6232f4.png',3,'','商品描述','标签1@标签2','/thumb/5c74e64919bfd8.34573971.jpg',2,0.00,1,'/thumb/c53cf642af87222f7dec9f5d5b6d2bf9.jpg'),(17,'测试11',0.01,12,222,'<p><img src=\"https://weitenong.dd371.com/uploads/20190228/24571df92ed07f927c62843e720e3e50.png\"/></p>',1,1,50,'/uploads/20190316/34d667669bc7724f2ed16606a0efec43.jpg',3,'','商品描述','标签1@标签2','/thumb/5c8c567bbc0138.41264622.jpg',0,0.00,1,'/thumb/1d7c88979e3799791c7ed8da377a4412.jpg'),(18,'就的撒恐龙当家',0.01,50,111,'<p><img src=\"/ueditor/php/upload/image/20190227/1551238744.png\" title=\"1551238744.png\" alt=\"8842d10cb9a04371f43452b69fd19e0a.png\"/></p>',1,1,50,'/uploads/20190228/ac22e809d97b9b0c7c90c0c8f8b5180b.png',3,NULL,'商品描述','标签1@标签2','/thumb/5c774f29465c97.34530779.jpg',0,0.00,1,'/thumb/0987b3b1fd48498e517ae3f4fb0a21f9.jpg'),(19,'个梵蒂冈',11111.00,111,111,'<p>是非得失</p>',1,1,50,'/uploads/20190228/9242cc228bde23d8c2aa4bb37ef72592.png',3,NULL,'商品描述','标签1@标签2','/thumb/5c774f7793df06.47104837.jpg',2,0.00,1,'/thumb/41d354d9b6ac98e54aa58c7de88b0082.jpg'),(20,'测试55555',0.01,22,100,'<p><img src=\"https://weitenong.dd371.com/ueditor/php/upload/image/20190318/1552879834851288.jpg\" title=\"1552879834851288.jpg\" alt=\"u=1577759731,3108671782&amp;fm=27&amp;gp=0.jpg\"/></p>',1,1,50,'/uploads/20190318/d875dbc048717d7985760db8bee13d58.jpg',1,NULL,'五idufiifsi','哦了给哦了给','/thumb/5c8f10dd5207e4.64811642.jpg',24,0.00,1,'/thumb/68309a9a067f92d4a76057cd9333c20d.jpg'),(21,'姜小白',0.22,44,4441,'<p><img src=\"https://weitenong.dd371.com/ueditor/php/upload/image/20190321/1553134560192701.jpg\" title=\"1553134560192701.jpg\" alt=\"u=1986179278,1118313821&amp;fm=27&amp;gp=0.jpg\"/></p>',1,1,50,'/uploads/20190321/ddef4c9a53820918dbc8acaeee9c52a1.jpg',5,NULL,'555','4444','/thumb/5c92f3e2422dc8.28254492.jpg',0,0.00,1,'/thumb/113bb2c16d3bfa07c6fe098b76dd0935.jpg'),(22,'老村长1',0.01,12,20,'<p><img src=\"https://weitenong.dd371.com/ueditor/php/upload/image/20190321/1553135286373768.jpg\" title=\"1553135286373768.jpg\" alt=\"u=1577759731,3108671782&amp;fm=27&amp;gp=0.jpg\"/></p>',1,1,50,'/uploads/20190321/7e008ab50510bac4d5dae31fa8feb9dc.jpg',1,NULL,'商品描述','哦了给哦了给','/thumb/5c92f6ba7a6011.44247710.jpg',25,0.00,0,'/thumb/77a754b56e07b2cb83af7dff3f93997d.jpg');
/*!40000 ALTER TABLE `ddsc_goods` ENABLE KEYS */;

#
# Structure for table "ddsc_goods_img"
#

DROP TABLE IF EXISTS `ddsc_goods_img`;
CREATE TABLE `ddsc_goods_img` (
  `id` int(11) NOT NULL AUTO_INCREMENT,
  `image` varchar(255) DEFAULT NULL COMMENT '图片',
  `g_id` int(11) DEFAULT NULL COMMENT '商品id',
  `sort` int(11) DEFAULT NULL COMMENT '排序',
  `i_status` tinyint(3) NOT NULL DEFAULT '0',
  `thumb` varchar(255) DEFAULT NULL COMMENT '缩略图',
  PRIMARY KEY (`id`)
) ENGINE=MyISAM AUTO_INCREMENT=8 DEFAULT CHARSET=utf8 ROW_FORMAT=DYNAMIC COMMENT='商品多图';

#
# Data for table "ddsc_goods_img"
#

/*!40000 ALTER TABLE `ddsc_goods_img` DISABLE KEYS */;
INSERT INTO `ddsc_goods_img` VALUES (1,'/uploads/20190226/4c30067a1abb79abf9c59d783388d83d.png',1,NULL,1,NULL),(2,'/uploads/20190306/131ca1fa85f52b1c3e1d55b3176c3947.png',18,NULL,1,NULL),(3,'/uploads/20190306/4e905de7b8735ae096b0e5b48f1e94d8.png',18,NULL,1,NULL),(4,'/uploads/20190318/d15b038594c934f042d711fb02b13064.jpg',20,NULL,1,NULL),(5,'/uploads/20190321/13e631cc7bcf78dd0e942949b58aaa8a.jpg',21,NULL,1,NULL),(6,'/uploads/20190321/974870e0963050f26c50605f4f693fae.jpg',21,NULL,1,NULL),(7,'/uploads/20190321/55006ee80f515ae2eb9e13bc392299e9.jpg',22,NULL,1,NULL);
/*!40000 ALTER TABLE `ddsc_goods_img` ENABLE KEYS */;

#
# Structure for table "ddsc_goods_spec"
#

DROP TABLE IF EXISTS `ddsc_goods_spec`;
CREATE TABLE `ddsc_goods_spec` (
  `sid` int(11) NOT NULL AUTO_INCREMENT,
  `g_id` int(11) DEFAULT NULL COMMENT '商品id',
  `s_name` varchar(255) DEFAULT NULL COMMENT '规格名称',
  `s_xprice` float(16,2) DEFAULT NULL COMMENT '价格',
  `s_sort` int(11) DEFAULT NULL COMMENT '排序',
  `s_image` varchar(255) DEFAULT NULL COMMENT '图片',
  `s_status` tinyint(1) NOT NULL DEFAULT '0' COMMENT '规格状态 0禁用 1启用',
  PRIMARY KEY (`sid`)
) ENGINE=MyISAM AUTO_INCREMENT=9 DEFAULT CHARSET=utf8 ROW_FORMAT=DYNAMIC COMMENT='商品规格';

#
# Data for table "ddsc_goods_spec"
#

/*!40000 ALTER TABLE `ddsc_goods_spec` DISABLE KEYS */;
INSERT INTO `ddsc_goods_spec` VALUES (1,1,'规格1',100.00,NULL,'/uploads/20190226/89737924e1f3d9ee0c4528b716e36b2f.png',1),(2,18,'规格1',0.01,NULL,'/uploads/20190306/386dac2b3f626f004e2b3a322a69c765.png',1),(3,18,'规格2',0.02,NULL,'/uploads/20190307/851d86f8d15f5917c81d893b3db7536e.png',1),(4,17,'规格1',0.01,NULL,'/uploads/20190306/9b47cc27fbeee96f5092d3445f5ee9c7.png',1),(5,19,'规格2',100.00,NULL,'/uploads/20190306/6caafa9ae89ed5ffd2b8b630e7112766.png',1),(6,20,'规格1',0.01,NULL,'/uploads/20190318/1d1f104b7a71ff5d5b935270fa89d020.jpg',1),(7,20,'规格2',0.02,NULL,'/uploads/20190318/8ed5311fde7712bcfeb638197895e1bf.jpg',1),(8,22,'规格1',0.02,NULL,'/uploads/20190321/737907f0956dfe45fb74b1206036577c.jpg',1);
/*!40000 ALTER TABLE `ddsc_goods_spec` ENABLE KEYS */;

#
# Structure for table "ddsc_hot"
#

DROP TABLE IF EXISTS `ddsc_hot`;
CREATE TABLE `ddsc_hot` (
  `id` int(11) NOT NULL AUTO_INCREMENT,
  `shopid` int(11) NOT NULL DEFAULT '0' COMMENT '店铺id',
  `name` varchar(255) DEFAULT NULL COMMENT '热门推荐',
  `status` tinyint(3) NOT NULL DEFAULT '1' COMMENT '0关闭 1开启',
  PRIMARY KEY (`id`)
) ENGINE=MyISAM AUTO_INCREMENT=4 DEFAULT CHARSET=utf8 COMMENT='店铺热门推荐';

#
# Data for table "ddsc_hot"
#

/*!40000 ALTER TABLE `ddsc_hot` DISABLE KEYS */;
INSERT INTO `ddsc_hot` VALUES (2,2,'哈哈1',1),(3,2,'测试',1);
/*!40000 ALTER TABLE `ddsc_hot` ENABLE KEYS */;

#
# Structure for table "ddsc_lb"
#

DROP TABLE IF EXISTS `ddsc_lb`;
CREATE TABLE `ddsc_lb` (
  `id` int(11) NOT NULL AUTO_INCREMENT,
  `fid` int(11) DEFAULT NULL COMMENT '父类id',
  `name` varchar(255) DEFAULT NULL COMMENT '名称',
  `sort` int(11) DEFAULT NULL COMMENT '排序',
  `status` tinyint(3) NOT NULL DEFAULT '0' COMMENT '状态0关闭 1开启',
  `url` varchar(255) DEFAULT NULL,
  `desc` text COMMENT '简介',
  `image` varchar(255) DEFAULT NULL COMMENT '图片',
  `thumb` varchar(255) DEFAULT NULL,
  PRIMARY KEY (`id`)
) ENGINE=MyISAM AUTO_INCREMENT=16 DEFAULT CHARSET=utf8 ROW_FORMAT=DYNAMIC COMMENT='广告列表';

#
# Data for table "ddsc_lb"
#

/*!40000 ALTER TABLE `ddsc_lb` DISABLE KEYS */;
INSERT INTO `ddsc_lb` VALUES (1,1,'如何查询为取快递',50,1,'','<p>如何查询为取快递如何查询为取快递如何查询为取快递如何查询为取快递如何查询为取快递如何查询为取快递</p>',NULL,NULL),(2,2,'寄快递如何下单',50,1,'','<p>寄快递如何下单寄快递如何下单寄快递如何下单寄快递如何下单寄快递如何下单</p>',NULL,NULL),(3,2,'如何支付运费',50,1,'','<p>如何支付运费如何支付运费如何支付运费如何支付运费如何支付运费如何支付运费如何支付运费如何支付运费如何支付运费</p>',NULL,NULL),(4,3,'banner',50,1,'','','/uploads/20190228/3f943c45fc09d29b01eed0ffe94605ad.png',NULL),(5,3,'banner',50,1,'','','/uploads/20190228/a3e900c27e097d73976785ec9f299055.png',NULL),(6,4,'海报',50,1,'','','/uploads/20190228/4d1d95c5c510e2d6860c22d7a90b61fe.png',NULL),(7,5,'banner',50,1,'','','/uploads/20190228/97d00315ef69824ee1b94a615d417a60.png',NULL),(8,6,'我不想买了',50,1,'','',NULL,NULL),(9,6,'信息填写错误,重新买',50,1,'','',NULL,NULL),(10,6,'卖家缺货',50,1,'','',NULL,NULL),(11,6,'运费不合适',50,1,'','',NULL,NULL),(12,6,'其他',50,1,'','',NULL,NULL),(13,7,'商城上线了',50,1,'','',NULL,NULL),(14,7,'商城公告啊',50,1,'','',NULL,NULL),(15,8,'提示语',50,1,'','<p>申请成功后，我们将以最快的速度给您回应；想要查看进度可以拨打电话0371-123456789</p>',NULL,NULL);
/*!40000 ALTER TABLE `ddsc_lb` ENABLE KEYS */;

#
# Structure for table "ddsc_lb_place"
#

DROP TABLE IF EXISTS `ddsc_lb_place`;
CREATE TABLE `ddsc_lb_place` (
  `pl_id` int(11) NOT NULL AUTO_INCREMENT COMMENT '轮播id',
  `pl_name` varchar(255) DEFAULT NULL COMMENT '位置名称',
  PRIMARY KEY (`pl_id`)
) ENGINE=MyISAM AUTO_INCREMENT=9 DEFAULT CHARSET=utf8 ROW_FORMAT=DYNAMIC COMMENT='广告位';

#
# Data for table "ddsc_lb_place"
#

/*!40000 ALTER TABLE `ddsc_lb_place` DISABLE KEYS */;
INSERT INTO `ddsc_lb_place` VALUES (1,'帮助中心取快递'),(2,'帮助中心寄快递'),(3,'首页banner'),(4,'首页海报'),(5,'更多优惠banner'),(6,'订单取消原因'),(7,'商城公告'),(8,'店铺申请提示语');
/*!40000 ALTER TABLE `ddsc_lb_place` ENABLE KEYS */;

#
# Structure for table "ddsc_mailing_addr"
#

DROP TABLE IF EXISTS `ddsc_mailing_addr`;
CREATE TABLE `ddsc_mailing_addr` (
  `mid` int(11) NOT NULL AUTO_INCREMENT,
  `u_id` int(11) NOT NULL DEFAULT '0' COMMENT '用户id',
  `name` varchar(255) DEFAULT NULL COMMENT '寄件人姓名',
  `phone` varchar(255) DEFAULT NULL COMMENT '手机号码',
  `addr` varchar(255) DEFAULT NULL COMMENT '地址',
  `status` tinyint(3) NOT NULL DEFAULT '0' COMMENT '地址类型 0寄件地址 1收件地址',
  PRIMARY KEY (`mid`)
) ENGINE=MyISAM AUTO_INCREMENT=5 DEFAULT CHARSET=utf8 COMMENT='寄件地址';

#
# Data for table "ddsc_mailing_addr"
#

/*!40000 ALTER TABLE `ddsc_mailing_addr` DISABLE KEYS */;
INSERT INTO `ddsc_mailing_addr` VALUES (3,6,'王鹏飞寄件地址','159395902076','河南省郑州市金水区恒华大厦1',0),(4,6,'王鹏飞收件地址','159395902076','河南省郑州市金水区恒华大厦1',1);
/*!40000 ALTER TABLE `ddsc_mailing_addr` ENABLE KEYS */;

#
# Structure for table "ddsc_money_log"
#

DROP TABLE IF EXISTS `ddsc_money_log`;
CREATE TABLE `ddsc_money_log` (
  `mid` int(11) NOT NULL AUTO_INCREMENT,
  `shopid` int(11) NOT NULL DEFAULT '0' COMMENT '商户id',
  `moneys` float(16,2) NOT NULL DEFAULT '0.00' COMMENT '提现金额',
  `status` tinyint(3) NOT NULL DEFAULT '0' COMMENT '状态 0待审核 1已通过 2已驳回',
  `content` text COMMENT '收款账号信息',
  `time` varchar(255) DEFAULT NULL COMMENT '申请时间',
  `proce` float(16,2) NOT NULL DEFAULT '0.00' COMMENT '手续费',
  `money` float(16,2) NOT NULL DEFAULT '0.00' COMMENT '应打款金额',
  PRIMARY KEY (`mid`)
) ENGINE=MyISAM AUTO_INCREMENT=4 DEFAULT CHARSET=utf8 COMMENT='商户提现记录';

#
# Data for table "ddsc_money_log"
#

/*!40000 ALTER TABLE `ddsc_money_log` DISABLE KEYS */;
INSERT INTO `ddsc_money_log` VALUES (1,2,100.00,2,'123','1553741943',10.00,90.00),(2,2,100.00,2,'454','1553742244',10.00,90.00),(3,2,100.00,1,'12','1553742297',10.00,90.00);
/*!40000 ALTER TABLE `ddsc_money_log` ENABLE KEYS */;

#
# Structure for table "ddsc_moneys_log"
#

DROP TABLE IF EXISTS `ddsc_moneys_log`;
CREATE TABLE `ddsc_moneys_log` (
  `id` int(11) NOT NULL AUTO_INCREMENT,
  `shopid` int(11) NOT NULL DEFAULT '0',
  `money` float(16,2) NOT NULL DEFAULT '0.00',
  `did` int(11) NOT NULL DEFAULT '0',
  `time` varchar(255) DEFAULT NULL,
  `status` tinyint(3) NOT NULL DEFAULT '0' COMMENT '类型 0减少 1增加',
  PRIMARY KEY (`id`)
) ENGINE=MyISAM AUTO_INCREMENT=3 DEFAULT CHARSET=utf8 COMMENT='收支明细';

#
# Data for table "ddsc_moneys_log"
#

/*!40000 ALTER TABLE `ddsc_moneys_log` DISABLE KEYS */;
INSERT INTO `ddsc_moneys_log` VALUES (1,24,0.01,80,'1553745238',1),(2,24,0.01,82,'1553745238',1);
/*!40000 ALTER TABLE `ddsc_moneys_log` ENABLE KEYS */;

#
# Structure for table "ddsc_sark"
#

DROP TABLE IF EXISTS `ddsc_sark`;
CREATE TABLE `ddsc_sark` (
  `id` int(11) NOT NULL AUTO_INCREMENT,
  `code` varchar(255) DEFAULT NULL COMMENT '快递柜标号',
  `addr` varchar(255) DEFAULT NULL COMMENT '详细地址',
  `phone` text COMMENT '绑定手机号',
  `time` varchar(255) DEFAULT NULL COMMENT '添加时间',
  `status` tinyint(3) NOT NULL DEFAULT '1' COMMENT '柜子状态 0不能开 1能开',
  `fid` int(11) NOT NULL DEFAULT '0' COMMENT '厂商id',
  `deviceId` varchar(255) DEFAULT NULL COMMENT '设备id',
  `qrcode` varchar(255) DEFAULT NULL COMMENT '二维码地址',
  PRIMARY KEY (`id`)
) ENGINE=MyISAM AUTO_INCREMENT=11 DEFAULT CHARSET=utf8 COMMENT='快递柜';

#
# Data for table "ddsc_sark"
#

/*!40000 ALTER TABLE `ddsc_sark` DISABLE KEYS */;
INSERT INTO `ddsc_sark` VALUES (5,'100103519','郑州市金水区花园路与国基路北200米恒华大厦8楼','18538300839@15939590207','2019-03-18 09:05:20',1,2,'3C:A3:08:C1:B5:07',NULL),(10,'123456','郑州市金水区花园路与国基路北200米恒华大厦8楼','16603829557','2019-04-16 10:26:04',1,1,'12346123','/qrcode/1555381646.jpg');
/*!40000 ALTER TABLE `ddsc_sark` ENABLE KEYS */;

#
# Structure for table "ddsc_sark_addr"
#

DROP TABLE IF EXISTS `ddsc_sark_addr`;
CREATE TABLE `ddsc_sark_addr` (
  `a_id` int(11) NOT NULL AUTO_INCREMENT,
  `a_name` varchar(255) DEFAULT NULL,
  `a_time` varchar(255) DEFAULT NULL,
  PRIMARY KEY (`a_id`)
) ENGINE=MyISAM AUTO_INCREMENT=4 DEFAULT CHARSET=utf8 COMMENT='区域列表';

#
# Data for table "ddsc_sark_addr"
#

/*!40000 ALTER TABLE `ddsc_sark_addr` DISABLE KEYS */;
INSERT INTO `ddsc_sark_addr` VALUES (2,'郑东新区','2019-03-12 15:57:04'),(3,'金水区','2019-03-12 16:39:22');
/*!40000 ALTER TABLE `ddsc_sark_addr` ENABLE KEYS */;

#
# Structure for table "ddsc_sark_firm"
#

DROP TABLE IF EXISTS `ddsc_sark_firm`;
CREATE TABLE `ddsc_sark_firm` (
  `id` int(11) NOT NULL AUTO_INCREMENT,
  `firm_name` varchar(255) DEFAULT NULL COMMENT '厂商名字',
  `firm_code` varchar(255) DEFAULT NULL COMMENT '厂商识别码',
  `serviceId` varchar(255) DEFAULT NULL COMMENT '服务UUID',
  `readId` varchar(255) DEFAULT NULL COMMENT '读取特征码UUID',
  `writeId` varchar(255) DEFAULT NULL COMMENT '写入特征码UUID',
  `content` text COMMENT '设备说明',
  PRIMARY KEY (`id`)
) ENGINE=MyISAM AUTO_INCREMENT=5 DEFAULT CHARSET=utf8 COMMENT='快递柜厂商';

#
# Data for table "ddsc_sark_firm"
#

/*!40000 ALTER TABLE `ddsc_sark_firm` DISABLE KEYS */;
INSERT INTO `ddsc_sark_firm` VALUES (1,'阿斯丹顿','fff0',NULL,NULL,NULL,NULL),(2,'宜家','fee7','0000FEE7-0000-1000-8000-00805F9B34FB','000036F6-0000-1000-8000-00805F9B34FB','000036f5-0000-1000-8000-00805f9b34fb','<p>蓝牙连接设备说明：(测试文字)</p><p><span style=\"font-size: 12px; color: rgb(191, 191, 191);\">1.打开手机、电脑的蓝牙功能</span></p><p><span style=\"font-size: 12px; color: rgb(191, 191, 191);\">2.长摁FIIL Wireless 蓝牙功能键至指示灯交替闪烁。</span></p><p><span style=\"font-size: 12px; color: rgb(191, 191, 191);\">3.保持耳机配对状态,在手机、电脑中都会显示&quot;Fiil Wireless&quot;</span></p><p><span style=\"font-size: 12px; color: rgb(191, 191, 191);\">4.点击连接，就能成功连接上蓝牙耳机了</span></p><p><span style=\"font-size: 12px; color: rgb(191, 191, 191);\">5.找首音乐，畅享FIIL Wireless 带给你的完美音乐体验吧~</span></p><p><br/></p>');
/*!40000 ALTER TABLE `ddsc_sark_firm` ENABLE KEYS */;

#
# Structure for table "ddsc_sark_phone"
#

DROP TABLE IF EXISTS `ddsc_sark_phone`;
CREATE TABLE `ddsc_sark_phone` (
  `id` int(11) NOT NULL AUTO_INCREMENT,
  `code` varchar(255) DEFAULT NULL,
  `phone` varchar(255) DEFAULT NULL,
  PRIMARY KEY (`id`)
) ENGINE=MyISAM AUTO_INCREMENT=25 DEFAULT CHARSET=utf8;

#
# Data for table "ddsc_sark_phone"
#

/*!40000 ALTER TABLE `ddsc_sark_phone` DISABLE KEYS */;
INSERT INTO `ddsc_sark_phone` VALUES (20,'100','16603829557'),(21,'100103519','18538300839'),(22,'100103519','15939590207'),(24,'123456','16603829557');
/*!40000 ALTER TABLE `ddsc_sark_phone` ENABLE KEYS */;

#
# Structure for table "ddsc_seo"
#

DROP TABLE IF EXISTS `ddsc_seo`;
CREATE TABLE `ddsc_seo` (
  `id` int(11) NOT NULL AUTO_INCREMENT,
  `title` varchar(255) DEFAULT NULL COMMENT '首页标题',
  `keywords` varchar(255) DEFAULT NULL COMMENT 'seo关键词',
  `description` text COMMENT 'seo描述',
  `copy` text COMMENT '版权信息',
  `code` text COMMENT '统计代码',
  `support` varchar(255) DEFAULT NULL COMMENT '技术支持',
  PRIMARY KEY (`id`)
) ENGINE=MyISAM AUTO_INCREMENT=2 DEFAULT CHARSET=utf8 ROW_FORMAT=DYNAMIC COMMENT='网站优化';

#
# Data for table "ddsc_seo"
#

/*!40000 ALTER TABLE `ddsc_seo` DISABLE KEYS */;
INSERT INTO `ddsc_seo` VALUES (1,NULL,NULL,NULL,NULL,NULL,NULL);
/*!40000 ALTER TABLE `ddsc_seo` ENABLE KEYS */;

#
# Structure for table "ddsc_shop"
#

DROP TABLE IF EXISTS `ddsc_shop`;
CREATE TABLE `ddsc_shop` (
  `id` int(11) NOT NULL AUTO_INCREMENT,
  `name` varchar(255) DEFAULT NULL COMMENT '店铺名称',
  `logo` varchar(255) DEFAULT NULL COMMENT '店铺logo',
  `content` text COMMENT '店铺简介',
  `addtime` datetime DEFAULT NULL COMMENT '添加时间',
  `phone` varchar(255) DEFAULT NULL COMMENT '手机号码',
  `username` char(20) DEFAULT NULL COMMENT '账号',
  `pwd` char(20) DEFAULT NULL COMMENT '登录密码',
  `status` tinyint(3) NOT NULL DEFAULT '0' COMMENT '状态 0关闭 1开启',
  `goods_status` tinyint(3) NOT NULL DEFAULT '0' COMMENT '商品免审核 0否 1是',
  `image` varchar(255) DEFAULT NULL COMMENT '店铺banner',
  `follow` int(11) unsigned NOT NULL DEFAULT '0' COMMENT '关注数量',
  `apply` tinyint(3) NOT NULL DEFAULT '1' COMMENT '申请状态 0否 1是',
  `idcode` varchar(255) DEFAULT NULL COMMENT '身份证号码',
  `addr` varchar(255) DEFAULT NULL COMMENT '联系地址',
  `usernames` varchar(255) DEFAULT NULL COMMENT '申请人姓名',
  `money` float(16,2) NOT NULL DEFAULT '0.00' COMMENT '账户余额',
  PRIMARY KEY (`id`)
) ENGINE=MyISAM AUTO_INCREMENT=26 DEFAULT CHARSET=utf8 COMMENT='店铺列表';

#
# Data for table "ddsc_shop"
#

/*!40000 ALTER TABLE `ddsc_shop` DISABLE KEYS */;
INSERT INTO `ddsc_shop` VALUES (2,'测试案例11','/uploads/20190226/9dfb1dc67a60a3d52914a3c1aae47aae.png','<p><img src=\"/ueditor/php/upload/image/20190227/1551239645.png\" title=\"1551239645.png\" alt=\"238497764497162650.png\"/></p>','2019-02-26 11:41:09','15939590206','zhangsan','666666',1,0,'/uploads/20190228/c8402f9f5b5a4b99a8e5df9eaa2eb641.png',0,1,NULL,NULL,NULL,890.00),(16,'店铺名称','','<p>店铺简介</p>','2019-03-15 18:03:36','15939590207','admin','admin123',1,0,'',0,1,'412824199303203918','河南郑州','王鹏飞',0.00),(19,'',NULL,'',NULL,NULL,NULL,NULL,0,0,NULL,0,0,NULL,'','',0.00),(20,'',NULL,'',NULL,NULL,NULL,NULL,0,0,NULL,0,0,NULL,'','',0.00),(21,'123',NULL,'123',NULL,NULL,NULL,NULL,0,0,NULL,0,0,NULL,'123','123',0.00),(22,'小姐姐小激动',NULL,'大家觉得就到家',NULL,NULL,NULL,NULL,0,0,NULL,0,0,NULL,'小姐姐小激动就','董先生',0.00),(23,'1',NULL,'1',NULL,'13838151120',NULL,NULL,0,0,NULL,0,0,NULL,'1','1',0.00),(24,'董先生超帅店铺','/uploads/20190318/d9861816b99a78a28cbfc74dc28939a5.jpg','<p>你们说你们想要啥</p>','2019-03-18 11:13:27','13525601211','13525601211','123456',1,0,'/uploads/20190318/188270167629f0acc3c15a114baddc0f.jpg',3,1,NULL,'郑州市恒华大厦','董先生',0.02),(25,'豆子','/uploads/20190321/4846f0c9d522e4d15757f696df3a543f.jpg','<p>豆子</p>','2019-03-21 10:23:43','18539905934','admin12','123456',1,0,'/uploads/20190321/767bfb0c10718676f4af66b82f03a0db.jpg',0,1,NULL,'沙口路','豆子',0.00);
/*!40000 ALTER TABLE `ddsc_shop` ENABLE KEYS */;

#
# Structure for table "ddsc_shop_collect"
#

DROP TABLE IF EXISTS `ddsc_shop_collect`;
CREATE TABLE `ddsc_shop_collect` (
  `id` int(11) NOT NULL AUTO_INCREMENT,
  `uid` int(11) DEFAULT NULL COMMENT '用户ID',
  `shopid` int(11) NOT NULL DEFAULT '0' COMMENT '店铺id',
  PRIMARY KEY (`id`)
) ENGINE=MyISAM AUTO_INCREMENT=18 DEFAULT CHARSET=utf8 COMMENT='店铺收藏列表';

#
# Data for table "ddsc_shop_collect"
#

/*!40000 ALTER TABLE `ddsc_shop_collect` DISABLE KEYS */;
INSERT INTO `ddsc_shop_collect` VALUES (4,40,2),(5,6,2),(6,6,0),(7,41,0),(14,42,24),(16,40,24),(17,43,24);
/*!40000 ALTER TABLE `ddsc_shop_collect` ENABLE KEYS */;

#
# Structure for table "ddsc_sys"
#

DROP TABLE IF EXISTS `ddsc_sys`;
CREATE TABLE `ddsc_sys` (
  `id` int(11) NOT NULL AUTO_INCREMENT,
  `name` varchar(255) DEFAULT NULL COMMENT '公司名称',
  `username` varchar(255) DEFAULT NULL COMMENT '负责人',
  `url` varchar(255) DEFAULT NULL COMMENT '网站域名',
  `qq` char(20) DEFAULT NULL COMMENT '客服QQ',
  `icp` varchar(255) DEFAULT NULL COMMENT 'icp备案号',
  `email` varchar(255) DEFAULT NULL COMMENT '邮箱',
  `tel` varchar(255) DEFAULT NULL COMMENT '固定电话',
  `phone` char(11) DEFAULT NULL COMMENT '手机号码',
  `longs` varchar(255) DEFAULT NULL COMMENT '经度',
  `lats` varchar(255) DEFAULT NULL COMMENT '纬度',
  `addr` varchar(255) DEFAULT NULL COMMENT '公司地址',
  `content` text COMMENT '公司简介',
  `pclogo` varchar(255) DEFAULT NULL COMMENT '电脑端logo',
  `waplogo` varchar(255) DEFAULT NULL COMMENT '手机端logo',
  `qrcode` varchar(255) DEFAULT NULL COMMENT '微信二维码',
  `wx` varchar(255) DEFAULT NULL COMMENT '微信公众号',
  `fax` varchar(255) DEFAULT NULL COMMENT '公司传真',
  `telphone` varchar(255) DEFAULT NULL COMMENT '400电话',
  `follow` int(11) NOT NULL DEFAULT '0',
  PRIMARY KEY (`id`)
) ENGINE=MyISAM AUTO_INCREMENT=2 DEFAULT CHARSET=utf8 ROW_FORMAT=DYNAMIC COMMENT='网站基本信息';

#
# Data for table "ddsc_sys"
#

/*!40000 ALTER TABLE `ddsc_sys` DISABLE KEYS */;
INSERT INTO `ddsc_sys` VALUES (1,'威特浓网络科技','','','','','','','','','','','<p>关于我们啊关于我们啊关于我们啊关于我们啊关于我们啊关于我们啊关于我们啊关于我们啊关于我们啊关于我们啊关于我们啊关于我们啊</p>','/uploads/20190301/790436fdff3b5ebab4f3979d993ff901.jpg','/uploads/20190228/9796e98f454a863a18ec19058b9c957d.png',NULL,NULL,'','',2);
/*!40000 ALTER TABLE `ddsc_sys` ENABLE KEYS */;

#
# Structure for table "ddsc_sys_log"
#

DROP TABLE IF EXISTS `ddsc_sys_log`;
CREATE TABLE `ddsc_sys_log` (
  `id` int(11) NOT NULL AUTO_INCREMENT,
  `type` varchar(255) DEFAULT NULL COMMENT '类型',
  `time` datetime DEFAULT NULL COMMENT '操作时间',
  `admin` varchar(255) DEFAULT NULL COMMENT '操作账号',
  `ip` varchar(255) DEFAULT NULL COMMENT 'IP地址',
  PRIMARY KEY (`id`)
) ENGINE=MyISAM AUTO_INCREMENT=78 DEFAULT CHARSET=utf8 ROW_FORMAT=DYNAMIC COMMENT='系统日志';

#
# Data for table "ddsc_sys_log"
#

/*!40000 ALTER TABLE `ddsc_sys_log` DISABLE KEYS */;
INSERT INTO `ddsc_sys_log` VALUES (1,'后台登录','2018-12-22 09:13:43','admin','0.0.0.0'),(2,'后台登录','2018-12-24 08:56:23','admin','0.0.0.0'),(3,'后台登录','2018-12-25 10:14:19','admin','0.0.0.0'),(4,'后台登录','2018-12-26 09:34:44','admin','0.0.0.0'),(5,'后台登录','2018-12-27 08:52:04','admin','0.0.0.0'),(6,'后台登录','2018-12-28 08:45:16','admin','0.0.0.0'),(7,'后台登录','2018-12-28 14:22:55','admin','0.0.0.0'),(8,'后台登录','2018-12-28 16:32:44','admin','192.168.101.21'),(9,'后台登录','2018-12-28 19:10:19','admin','1.192.38.201'),(10,'后台登录','2018-12-28 19:49:42','admin','1.192.38.201'),(11,'后台登录','2018-12-29 09:22:51','admin','1.192.38.201'),(12,'后台登录','2018-12-29 16:40:56','admin','1.192.38.201'),(13,'后台登录','2019-01-02 18:08:25','admin','123.161.219.133'),(14,'后台登录','2019-01-03 10:12:59','admin','123.161.219.133'),(15,'后台登录','2019-01-03 13:44:12','admin','123.161.219.133'),(16,'后台登录','2019-01-03 13:45:38','admin','123.161.219.133'),(17,'后台登录','2019-01-03 15:03:05','admin','123.161.219.133'),(18,'后台登录','2019-01-03 16:31:47','admin','123.161.219.133'),(19,'后台登录','2019-01-03 16:34:34','admin','123.161.219.133'),(20,'后台登录','2019-01-03 16:43:33','admin','123.161.219.133'),(21,'后台登录','2019-01-03 17:54:15','admin','123.161.219.133'),(22,'后台登录','2019-01-03 19:21:46','admin','123.161.219.133'),(23,'后台登录','2019-01-03 19:31:49','admin','123.161.219.133'),(24,'后台登录','2019-01-04 09:05:50','admin','123.161.219.211'),(25,'后台登录','2019-01-04 10:39:14','admin','123.161.219.211'),(26,'后台登录','2019-01-04 11:36:49','admin','123.161.219.211'),(27,'后台登录','2019-01-04 16:26:33','admin','123.161.219.211'),(28,'后台登录','2019-01-04 16:40:28','admin','123.161.219.211'),(29,'后台登录','2019-01-04 18:14:45','admin','123.161.219.211'),(30,'后台登录','2019-01-05 15:42:25','admin','123.161.219.211'),(31,'后台登录','2019-01-05 17:38:27','admin','123.161.219.211'),(32,'后台登录','2019-01-06 16:10:51','admin','125.46.76.18'),(33,'后台登录','2019-01-07 14:21:16','admin','123.161.219.217'),(34,'后台登录','2019-01-07 16:33:02','admin','123.161.219.217'),(35,'后台登录','2019-01-07 16:33:52','admin','123.161.219.217'),(36,'后台登录','2019-01-08 10:40:12','admin','123.161.219.217'),(37,'后台登录','2019-01-08 14:10:22','admin','115.60.50.253'),(38,'后台登录','2019-01-09 09:13:04','admin','0.0.0.0'),(39,'后台登录','2019-02-26 09:28:33','admin','127.0.0.1'),(40,'后台登录','2019-02-26 09:36:16','admin','127.0.0.1'),(41,'后台登录','2019-02-26 09:36:35','admin','127.0.0.1'),(42,'后台登录','2019-02-27 08:56:24','admin','127.0.0.1'),(43,'后台登录','2019-02-27 10:01:42','zhangsan','127.0.0.1'),(44,'后台登录','2019-02-27 10:09:10','zhangsan','127.0.0.1'),(45,'后台登录','2019-02-28 09:04:00','admin','192.168.101.181'),(46,'后台登录','2019-02-28 10:13:41','admin','0.0.0.0'),(47,'后台登录','2019-03-01 10:57:26','admin','0.0.0.0'),(48,'后台登录','2019-03-04 09:26:57','admin','0.0.0.0'),(49,'后台登录','2019-03-04 09:42:51','zhangsan','0.0.0.0'),(50,'后台登录','2019-03-04 17:48:36','zhangsan','0.0.0.0'),(51,'后台登录','2019-03-05 11:59:48','admin','0.0.0.0'),(52,'后台登录','2019-03-05 13:56:00','zhangsan','0.0.0.0'),(53,'后台登录','2019-03-06 09:15:56','admin','0.0.0.0'),(54,'后台登录','2019-03-07 09:31:12','admin','0.0.0.0'),(55,'后台登录','2019-03-08 08:58:06','admin','0.0.0.0'),(56,'后台登录','2019-03-12 09:39:03','admin','0.0.0.0'),(57,'后台登录','2019-03-12 11:16:58','zhangsan','0.0.0.0'),(58,'后台登录','2019-03-13 08:58:45','admin','0.0.0.0'),(59,'后台登录','2019-03-14 09:15:39','admin','0.0.0.0'),(60,'后台登录','2019-03-15 08:55:10','admin','0.0.0.0'),(61,'后台登录','2019-03-16 09:23:01','admin','1.192.37.128'),(62,'后台登录','2019-03-16 09:33:30','admin','1.192.37.128'),(63,'后台登录','2019-03-18 09:05:04','admin','1.192.36.233'),(64,'后台登录','2019-03-18 11:12:10','admin','1.192.36.233'),(65,'后台登录','2019-03-18 11:22:27','13525601211','1.192.36.233'),(66,'后台登录','2019-03-18 14:05:19','admin','1.192.36.233'),(67,'后台登录','2019-03-21 10:03:53','admin','1.192.36.140'),(68,'后台登录','2019-03-21 10:08:11','admin','1.192.36.140'),(69,'后台登录','2019-03-21 10:08:30','admin','1.192.36.140'),(70,'后台登录','2019-03-21 10:25:44','admin','1.192.36.140'),(71,'后台登录','2019-03-21 10:26:42','admin12','1.192.36.140'),(72,'后台登录','2019-03-25 17:09:37','admin','123.161.216.109'),(73,'后台登录','2019-03-26 14:44:07','admin','123.161.216.109'),(74,'后台登录','2019-03-26 16:30:34','admin','123.161.216.49'),(75,'后台登录','2019-03-27 14:38:20','admin','123.161.216.49'),(76,'后台登录','2019-03-28 09:41:52','admin','0.0.0.0'),(77,'后台登录','2019-03-28 09:42:52','zhangsan','0.0.0.0');
/*!40000 ALTER TABLE `ddsc_sys_log` ENABLE KEYS */;

#
# Structure for table "ddsc_type"
#

DROP TABLE IF EXISTS `ddsc_type`;
CREATE TABLE `ddsc_type` (
  `type_id` int(11) NOT NULL AUTO_INCREMENT,
  `type_name` varchar(255) DEFAULT NULL COMMENT '分类名称',
  `type_image` varchar(255) DEFAULT NULL COMMENT '分类图标',
  `type_sort` int(11) NOT NULL DEFAULT '50',
  PRIMARY KEY (`type_id`)
) ENGINE=MyISAM AUTO_INCREMENT=6 DEFAULT CHARSET=utf8 ROW_FORMAT=DYNAMIC COMMENT='商品分类';

#
# Data for table "ddsc_type"
#

/*!40000 ALTER TABLE `ddsc_type` DISABLE KEYS */;
INSERT INTO `ddsc_type` VALUES (1,'干果',NULL,1),(2,'饮品',NULL,2),(3,'生鲜',NULL,3),(5,'452522','/uploads/20190321/85627f2495e12c8e28cbcd02828e9a98.jpg',50);
/*!40000 ALTER TABLE `ddsc_type` ENABLE KEYS */;

#
# Structure for table "ddsc_user"
#

DROP TABLE IF EXISTS `ddsc_user`;
CREATE TABLE `ddsc_user` (
  `uid` int(11) NOT NULL AUTO_INCREMENT,
  `nickname` varchar(255) CHARACTER SET utf8mb4 DEFAULT NULL COMMENT '昵称',
  `time` varchar(255) DEFAULT NULL COMMENT '注册时间',
  `image` text COMMENT '头像',
  `openid` varchar(255) DEFAULT NULL COMMENT '用户的openID',
  `card` varchar(255) NOT NULL DEFAULT '' COMMENT '二维码',
  `fid` int(11) NOT NULL DEFAULT '0' COMMENT '上级id',
  `phone` varchar(20) NOT NULL DEFAULT '',
  `integ` int(11) NOT NULL DEFAULT '0' COMMENT '用户积分',
  `free_num` int(11) NOT NULL DEFAULT '0' COMMENT '免费使用次数',
  `code` varchar(255) DEFAULT NULL COMMENT '快递柜编码',
  PRIMARY KEY (`uid`)
) ENGINE=MyISAM AUTO_INCREMENT=51 DEFAULT CHARSET=utf8 ROW_FORMAT=DYNAMIC COMMENT='用户列表';

#
# Data for table "ddsc_user"
#

/*!40000 ALTER TABLE `ddsc_user` DISABLE KEYS */;
INSERT INTO `ddsc_user` VALUES (47,'undefined','1553587549','https://wx.qlogo.cn/mmopen/vi_32/Q0j4TwGTfTIEr2pMqS8rlvoQJ5lTLvqQHkMkfyic3e7sG389z3Y2jLLRc826OwbeyAhr6L0LTU57Y0LFpIJAB4g/132','oplp45O53yD8wllMav30LpsuEDps','',0,'18538300839',0,4,'100103519'),(48,'小丑','1553589249','https://wx.qlogo.cn/mmopen/vi_32/2Q5YYVUmVHj60niche6ibZcj39ZQ8PstE9HqXsPrbglVyibhTBpAdGBNPKfLLBIacxdjG7MdAnu1VibUCLSDXY0Kgg/132','oplp45LQAa25mnhmbtuaAXbBrjQw','',0,'15963635654',0,0,NULL),(49,'张明洁','1553651794','https://wx.qlogo.cn/mmhead/OGKDhUTWLygLCHEC4W3MrQmUxJEA12icnt8boxKYW3YQ/132','oplp45M2YtEhP_6d64mpqBDvUfpo','',0,'',0,0,NULL),(50,'dy','1553668986','https://wx.qlogo.cn/mmopen/vi_32/ibjp1icug4L4eNN8uuBt48b3C5cynibbPiaX6pNQLiaGj0jID8aYQEllCB1DI0iaqEJKJ4DCn6fUBTlvFnffZdc22a9g/132','oplp45DeRocpB35stufKnUgDoYSc','',0,'',0,0,NULL);
/*!40000 ALTER TABLE `ddsc_user` ENABLE KEYS */;
